{
   "book": "1 John",
   "count": 5,
   "chapters": [
      {
         "chapter": "1",
         "verses": [
            {
               "verse": "1",
               "text": "That which was from the beginning, which we have heard, which we have seen with our eyes, which we have looked at and our hands have touched—this we proclaim concerning the Word of life."
            },
            {
               "verse": "2",
               "text": "The life appeared; we have seen it and testify to it, and we proclaim to you the eternal life, which was with the Father and has appeared to us."
            },
            {
               "verse": "3",
               "text": "We proclaim to you what we have seen and heard, so that you also may have fellowship with us. And our fellowship is with the Father and with his Son, Jesus Christ."
            },
            {
               "verse": "4",
               "text": "We write this to make our joy complete."
            },
            {
               "verse": "5",
               "text": "This is the message we have heard from him and declare to you: God is light; in him there is no darkness at all."
            },
            {
               "verse": "6",
               "text": "If we claim to have fellowship with him and yet walk in the darkness, we lie and do not live out the truth."
            },
            {
               "verse": "7",
               "text": "But if we walk in the light, as he is in the light, we have fellowship with one another, and the blood of Jesus, his Son, purifies us from all sin."
            },
            {
               "verse": "8",
               "text": "If we claim to be without sin, we deceive ourselves and the truth is not in us."
            },
            {
               "verse": "9",
               "text": "If we confess our sins, he is faithful and just and will forgive us our sins and purify us from all unrighteousness."
            },
            {
               "verse": "10",
               "text": "If we claim we have not sinned, we make him out to be a liar and his word is not in us."
            }
         ]
      },
      {
         "chapter": "2",
         "verses": [
            {
               "verse": "1",
               "text": "My dear children, I write this to you so that you will not sin. But if anybody does sin, we have an advocate with the Father—Jesus Christ, the Righteous One."
            },
            {
               "verse": "2",
               "text": "He is the atoning sacrifice for our sins, and not only for ours but also for the sins of the whole world."
            },
            {
               "verse": "3",
               "text": "We know that we have come to know him if we keep his commands."
            },
            {
               "verse": "4",
               "text": "Whoever says, “I know him,” but does not do what he commands is a liar, and the truth is not in that person."
            },
            {
               "verse": "5",
               "text": "But if anyone obeys his word, love for God is truly made complete in them. This is how we know we are in him:"
            },
            {
               "verse": "6",
               "text": "Whoever claims to live in him must live as Jesus did."
            },
            {
               "verse": "7",
               "text": "Dear friends, I am not writing you a new command but an old one, which you have had since the beginning. This old command is the message you have heard."
            },
            {
               "verse": "8",
               "text": "Yet I am writing you a new command; its truth is seen in him and in you, because the darkness is passing and the true light is already shining."
            },
            {
               "verse": "9",
               "text": "Anyone who claims to be in the light but hates a brother or sister is still in the darkness."
            },
            {
               "verse": "10",
               "text": "Anyone who loves their brother and sister lives in the light, and there is nothing in them to make them stumble."
            },
            {
               "verse": "11",
               "text": "But anyone who hates a brother or sister is in the darkness and walks around in the darkness. They do not know where they are going, because the darkness has blinded them."
            },
            {
               "verse": "12",
               "text": "I am writing to you, dear children, because your sins have been forgiven on account of his name."
            },
            {
               "verse": "13",
               "text": "I am writing to you, fathers, because you know him who is from the beginning. I am writing to you, young men, because you have overcome the evil one."
            },
            {
               "verse": "14",
               "text": "I write to you, dear children, because you know the Father. I write to you, fathers, because you know him who is from the beginning. I write to you, young men, because you are strong, and the word of God lives in you, and you have overcome the evil one."
            },
            {
               "verse": "15",
               "text": "Do not love the world or anything in the world. If anyone loves the world, love for the Father is not in them."
            },
            {
               "verse": "16",
               "text": "For everything in the world—the lust of the flesh, the lust of the eyes, and the pride of life—comes not from the Father but from the world."
            },
            {
               "verse": "17",
               "text": "The world and its desires pass away, but whoever does the will of God lives forever."
            },
            {
               "verse": "18",
               "text": "Dear children, this is the last hour; and as you have heard that the antichrist is coming, even now many antichrists have come. This is how we know it is the last hour."
            },
            {
               "verse": "19",
               "text": "They went out from us, but they did not really belong to us. For if they had belonged to us, they would have remained with us; but their going showed that none of them belonged to us."
            },
            {
               "verse": "20",
               "text": "But you have an anointing from the Holy One, and all of you know the truth."
            },
            {
               "verse": "21",
               "text": "I do not write to you because you do not know the truth, but because you do know it and because no lie comes from the truth."
            },
            {
               "verse": "22",
               "text": "Who is the liar? It is whoever denies that Jesus is the Christ. Such a person is the antichrist—denying the Father and the Son."
            },
            {
               "verse": "23",
               "text": "No one who denies the Son has the Father; whoever acknowledges the Son has the Father also."
            },
            {
               "verse": "24",
               "text": "As for you, see that what you have heard from the beginning remains in you. If it does, you also will remain in the Son and in the Father."
            },
            {
               "verse": "25",
               "text": "And this is what he promised us—eternal life."
            },
            {
               "verse": "26",
               "text": "I am writing these things to you about those who are trying to lead you astray."
            },
            {
               "verse": "27",
               "text": "As for you, the anointing you received from him remains in you, and you do not need anyone to teach you. But as his anointing teaches you about all things and as that anointing is real, not counterfeit—just as it has taught you, remain in him."
            },
            {
               "verse": "28",
               "text": "And now, dear children, continue in him, so that when he appears we may be confident and unashamed before him at his coming."
            },
            {
               "verse": "29",
               "text": "If you know that he is righteous, you know that everyone who does what is right has been born of him."
            }
         ]
      },
      {
         "chapter": "3",
         "verses": [
            {
               "verse": "1",
               "text": "See what great love the Father has lavished on us, that we should be called children of God! And that is what we are! The reason the world does not know us is that it did not know him."
            },
            {
               "verse": "2",
               "text": "Dear friends, now we are children of God, and what we will be has not yet been made known. But we know that when Christ appears, we shall be like him, for we shall see him as he is."
            },
            {
               "verse": "3",
               "text": "All who have this hope in him purify themselves, just as he is pure."
            },
            {
               "verse": "4",
               "text": "Everyone who sins breaks the law; in fact, sin is lawlessness."
            },
            {
               "verse": "5",
               "text": "But you know that he appeared so that he might take away our sins. And in him is no sin."
            },
            {
               "verse": "6",
               "text": "No one who lives in him keeps on sinning. No one who continues to sin has either seen him or known him."
            },
            {
               "verse": "7",
               "text": "Dear children, do not let anyone lead you astray. The one who does what is right is righteous, just as he is righteous."
            },
            {
               "verse": "8",
               "text": "The one who does what is sinful is of the devil, because the devil has been sinning from the beginning. The reason the Son of God appeared was to destroy the devil`s work."
            },
            {
               "verse": "9",
               "text": "No one who is born of God will continue to sin, because God`s seed remains in them; they cannot go on sinning, because they have been born of God."
            },
            {
               "verse": "10",
               "text": "This is how we know who the children of God are and who the children of the devil are: Anyone who does not do what is right is not God`s child, nor is anyone who does not love their brother and sister."
            },
            {
               "verse": "11",
               "text": "For this is the message you heard from the beginning: We should love one another."
            },
            {
               "verse": "12",
               "text": "Do not be like Cain, who belonged to the evil one and murdered his brother. And why did he murder him? Because his own actions were evil and his brother`s were righteous."
            },
            {
               "verse": "13",
               "text": "Do not be surprised, my brothers and sisters, if the world hates you."
            },
            {
               "verse": "14",
               "text": "We know that we have passed from death to life, because we love each other. Anyone who does not love remains in death."
            },
            {
               "verse": "15",
               "text": "Anyone who hates a brother or sister is a murderer, and you know that no murderer has eternal life residing in him."
            },
            {
               "verse": "16",
               "text": "This is how we know what love is: Jesus Christ laid down his life for us. And we ought to lay down our lives for our brothers and sisters."
            },
            {
               "verse": "17",
               "text": "If anyone has material possessions and sees a brother or sister in need but has no pity on them, how can the love of God be in that person?"
            },
            {
               "verse": "18",
               "text": "Dear children, let us not love with words or speech but with actions and in truth."
            },
            {
               "verse": "19",
               "text": "This is how we know that we belong to the truth and how we set our hearts at rest in his presence:"
            },
            {
               "verse": "20",
               "text": "If our hearts condemn us, we know that God is greater than our hearts, and he knows everything."
            },
            {
               "verse": "21",
               "text": "Dear friends, if our hearts do not condemn us, we have confidence before God"
            },
            {
               "verse": "22",
               "text": "and receive from him anything we ask, because we keep his commands and do what pleases him."
            },
            {
               "verse": "23",
               "text": "And this is his command: to believe in the name of his Son, Jesus Christ, and to love one another as he commanded us."
            },
            {
               "verse": "24",
               "text": "The one who keeps God`s commands lives in him, and he in them. And this is how we know that he lives in us: We know it by the Spirit he gave us."
            }
         ]
      },
      {
         "chapter": "4",
         "verses": [
            {
               "verse": "1",
               "text": "Dear friends, do not believe every spirit, but test the spirits to see whether they are from God, because many false prophets have gone out into the world."
            },
            {
               "verse": "2",
               "text": "This is how you can recognize the Spirit of God: Every spirit that acknowledges that Jesus Christ has come in the flesh is from God,"
            },
            {
               "verse": "3",
               "text": "but every spirit that does not acknowledge Jesus is not from God. This is the spirit of the antichrist, which you have heard is coming and even now is already in the world."
            },
            {
               "verse": "4",
               "text": "You, dear children, are from God and have overcome them, because the one who is in you is greater than the one who is in the world."
            },
            {
               "verse": "5",
               "text": "They are from the world and therefore speak from the viewpoint of the world, and the world listens to them."
            },
            {
               "verse": "6",
               "text": "We are from God, and whoever knows God listens to us; but whoever is not from God does not listen to us. This is how we recognize the Spirit of truth and the spirit of falsehood."
            },
            {
               "verse": "7",
               "text": "Dear friends, let us love one another, for love comes from God. Everyone who loves has been born of God and knows God."
            },
            {
               "verse": "8",
               "text": "Whoever does not love does not know God, because God is love."
            },
            {
               "verse": "9",
               "text": "This is how God showed his love among us: He sent his one and only Son into the world that we might live through him."
            },
            {
               "verse": "10",
               "text": "This is love: not that we loved God, but that he loved us and sent his Son as an atoning sacrifice for our sins."
            },
            {
               "verse": "11",
               "text": "Dear friends, since God so loved us, we also ought to love one another."
            },
            {
               "verse": "12",
               "text": "No one has ever seen God; but if we love one another, God lives in us and his love is made complete in us."
            },
            {
               "verse": "13",
               "text": "This is how we know that we live in him and he in us: He has given us of his Spirit."
            },
            {
               "verse": "14",
               "text": "And we have seen and testify that the Father has sent his Son to be the Savior of the world."
            },
            {
               "verse": "15",
               "text": "If anyone acknowledges that Jesus is the Son of God, God lives in them and they in God."
            },
            {
               "verse": "16",
               "text": "And so we know and rely on the love God has for us. God is love. Whoever lives in love lives in God, and God in them."
            },
            {
               "verse": "17",
               "text": "This is how love is made complete among us so that we will have confidence on the day of judgment: In this world we are like Jesus."
            },
            {
               "verse": "18",
               "text": "There is no fear in love. But perfect love drives out fear, because fear has to do with punishment. The one who fears is not made perfect in love."
            },
            {
               "verse": "19",
               "text": "We love because he first loved us."
            },
            {
               "verse": "20",
               "text": "Whoever claims to love God yet hates a brother or sister is a liar. For whoever does not love their brother and sister, whom they have seen, cannot love God, whom they have not seen."
            },
            {
               "verse": "21",
               "text": "And he has given us this command: Anyone who loves God must also love their brother and sister."
            }
         ]
      },
      {
         "chapter": "5",
         "verses": [
            {
               "verse": "1",
               "text": "Everyone who believes that Jesus is the Christ is born of God, and everyone who loves the father loves his child as well."
            },
            {
               "verse": "2",
               "text": "This is how we know that we love the children of God: by loving God and carrying out his commands."
            },
            {
               "verse": "3",
               "text": "In fact, this is love for God: to keep his commands. And his commands are not burdensome,"
            },
            {
               "verse": "4",
               "text": "for everyone born of God overcomes the world. This is the victory that has overcome the world, even our faith."
            },
            {
               "verse": "5",
               "text": "Who is it that overcomes the world? Only the one who believes that Jesus is the Son of God."
            },
            {
               "verse": "6",
               "text": "This is the one who came by water and blood—Jesus Christ. He did not come by water only, but by water and blood. And it is the Spirit who testifies, because the Spirit is the truth."
            },
            {
               "verse": "7",
               "text": "For there are three that testify:"
            },
            {
               "verse": "8",
               "text": "the Spirit, the water and the blood; and the three are in agreement."
            },
            {
               "verse": "9",
               "text": "We accept human testimony, but God`s testimony is greater because it is the testimony of God, which he has given about his Son."
            },
            {
               "verse": "10",
               "text": "Whoever believes in the Son of God accepts this testimony. Whoever does not believe God has made him out to be a liar, because they have not believed the testimony God has given about his Son."
            },
            {
               "verse": "11",
               "text": "And this is the testimony: God has given us eternal life, and this life is in his Son."
            },
            {
               "verse": "12",
               "text": "Whoever has the Son has life; whoever does not have the Son of God does not have life."
            },
            {
               "verse": "13",
               "text": "I write these things to you who believe in the name of the Son of God so that you may know that you have eternal life."
            },
            {
               "verse": "14",
               "text": "This is the confidence we have in approaching God: that if we ask anything according to his will, he hears us."
            },
            {
               "verse": "15",
               "text": "And if we know that he hears us—whatever we ask—we know that we have what we asked of him."
            },
            {
               "verse": "16",
               "text": "If you see any brother or sister commit a sin that does not lead to death, you should pray and God will give them life. I refer to those whose sin does not lead to death. There is a sin that leads to death. I am not saying that you should pray about that."
            },
            {
               "verse": "17",
               "text": "All wrongdoing is sin, and there is sin that does not lead to death."
            },
            {
               "verse": "18",
               "text": "We know that anyone born of God does not continue to sin; the One who was born of God keeps them safe, and the evil one cannot harm them."
            },
            {
               "verse": "19",
               "text": "We know that we are children of God, and that the whole world is under the control of the evil one."
            },
            {
               "verse": "20",
               "text": "We know also that the Son of God has come and has given us understanding, so that we may know him who is true. And we are in him who is true by being in his Son Jesus Christ. He is the true God and eternal life."
            },
            {
               "verse": "21",
               "text": "Dear children, keep yourselves from idols."
            }
         ]
      }
   ]
}