{
   "book": "1 Timothy",
   "count": 6,
   "chapters": [
      {
         "chapter": "1",
         "verses": [
            {
               "verse": "1",
               "text": "Paul, an apostle of Christ Jesus by the command of God our Savior and of Christ Jesus our hope,"
            },
            {
               "verse": "2",
               "text": "To Timothy my true son in the faith: Grace, mercy and peace from God the Father and Christ Jesus our Lord."
            },
            {
               "verse": "3",
               "text": "As I urged you when I went into Macedonia, stay there in Ephesus so that you may command certain people not to teach false doctrines any longer"
            },
            {
               "verse": "4",
               "text": "or to devote themselves to myths and endless genealogies. Such things promote controversial speculations rather than advancing God`s work—which is by faith."
            },
            {
               "verse": "5",
               "text": "The goal of this command is love, which comes from a pure heart and a good conscience and a sincere faith."
            },
            {
               "verse": "6",
               "text": "Some have departed from these and have turned to meaningless talk."
            },
            {
               "verse": "7",
               "text": "They want to be teachers of the law, but they do not know what they are talking about or what they so confidently affirm."
            },
            {
               "verse": "8",
               "text": "We know that the law is good if one uses it properly."
            },
            {
               "verse": "9",
               "text": "We also know that the law is made not for the righteous but for lawbreakers and rebels, the ungodly and sinful, the unholy and irreligious, for those who kill their fathers or mothers, for murderers,"
            },
            {
               "verse": "10",
               "text": "for the sexually immoral, for those practicing homosexuality, for slave traders and liars and perjurers—and for whatever else is contrary to the sound doctrine"
            },
            {
               "verse": "11",
               "text": "that conforms to the gospel concerning the glory of the blessed God, which he entrusted to me."
            },
            {
               "verse": "12",
               "text": "I thank Christ Jesus our Lord, who has given me strength, that he considered me trustworthy, appointing me to his service."
            },
            {
               "verse": "13",
               "text": "Even though I was once a blasphemer and a persecutor and a violent man, I was shown mercy because I acted in ignorance and unbelief."
            },
            {
               "verse": "14",
               "text": "The grace of our Lord was poured out on me abundantly, along with the faith and love that are in Christ Jesus."
            },
            {
               "verse": "15",
               "text": "Here is a trustworthy saying that deserves full acceptance: Christ Jesus came into the world to save sinners—of whom I am the worst."
            },
            {
               "verse": "16",
               "text": "But for that very reason I was shown mercy so that in me, the worst of sinners, Christ Jesus might display his immense patience as an example for those who would believe in him and receive eternal life."
            },
            {
               "verse": "17",
               "text": "Now to the King eternal, immortal, invisible, the only God, be honor and glory for ever and ever. Amen."
            },
            {
               "verse": "18",
               "text": "Timothy, my son, I am giving you this command in keeping with the prophecies once made about you, so that by recalling them you may fight the battle well,"
            },
            {
               "verse": "19",
               "text": "holding on to faith and a good conscience, which some have rejected and so have suffered shipwreck with regard to the faith."
            },
            {
               "verse": "20",
               "text": "Among them are Hymenaeus and Alexander, whom I have handed over to Satan to be taught not to blaspheme."
            }
         ]
      },
      {
         "chapter": "2",
         "verses": [
            {
               "verse": "1",
               "text": "I urge, then, first of all, that petitions, prayers, intercession and thanksgiving be made for all people—"
            },
            {
               "verse": "2",
               "text": "for kings and all those in authority, that we may live peaceful and quiet lives in all godliness and holiness."
            },
            {
               "verse": "3",
               "text": "This is good, and pleases God our Savior,"
            },
            {
               "verse": "4",
               "text": "who wants all people to be saved and to come to a knowledge of the truth."
            },
            {
               "verse": "5",
               "text": "For there is one God and one mediator between God and mankind, the man Christ Jesus,"
            },
            {
               "verse": "6",
               "text": "who gave himself as a ransom for all people. This has now been witnessed to at the proper time."
            },
            {
               "verse": "7",
               "text": "And for this purpose I was appointed a herald and an apostle—I am telling the truth, I am not lying—and a true and faithful teacher of the Gentiles."
            },
            {
               "verse": "8",
               "text": "Therefore I want the men everywhere to pray, lifting up holy hands without anger or disputing."
            },
            {
               "verse": "9",
               "text": "I also want the women to dress modestly, with decency and propriety, adorning themselves, not with elaborate hairstyles or gold or pearls or expensive clothes,"
            },
            {
               "verse": "10",
               "text": "but with good deeds, appropriate for women who profess to worship God."
            },
            {
               "verse": "11",
               "text": "A woman should learn in quietness and full submission."
            },
            {
               "verse": "12",
               "text": "I do not permit a woman to teach or to assume authority over a man; she must be quiet."
            },
            {
               "verse": "13",
               "text": "For Adam was formed first, then Eve."
            },
            {
               "verse": "14",
               "text": "And Adam was not the one deceived; it was the woman who was deceived and became a sinner."
            },
            {
               "verse": "15",
               "text": "But women will be saved through childbearing—if they continue in faith, love and holiness with propriety."
            }
         ]
      },
      {
         "chapter": "3",
         "verses": [
            {
               "verse": "1",
               "text": "Here is a trustworthy saying: Whoever aspires to be an overseer desires a noble task."
            },
            {
               "verse": "2",
               "text": "Now the overseer is to be above reproach, faithful to his wife, temperate, self-controlled, respectable, hospitable, able to teach,"
            },
            {
               "verse": "3",
               "text": "not given to drunkenness, not violent but gentle, not quarrelsome, not a lover of money."
            },
            {
               "verse": "4",
               "text": "He must manage his own family well and see that his children obey him, and he must do so in a manner worthy of full respect."
            },
            {
               "verse": "5",
               "text": "(If anyone does not know how to manage his own family, how can he take care of God`s church?)"
            },
            {
               "verse": "6",
               "text": "He must not be a recent convert, or he may become conceited and fall under the same judgment as the devil."
            },
            {
               "verse": "7",
               "text": "He must also have a good reputation with outsiders, so that he will not fall into disgrace and into the devil`s trap."
            },
            {
               "verse": "8",
               "text": "In the same way, deacons are to be worthy of respect, sincere, not indulging in much wine, and not pursuing dishonest gain."
            },
            {
               "verse": "9",
               "text": "They must keep hold of the deep truths of the faith with a clear conscience."
            },
            {
               "verse": "10",
               "text": "They must first be tested; and then if there is nothing against them, let them serve as deacons."
            },
            {
               "verse": "11",
               "text": "In the same way, the women are to be worthy of respect, not malicious talkers but temperate and trustworthy in everything."
            },
            {
               "verse": "12",
               "text": "A deacon must be faithful to his wife and must manage his children and his household well."
            },
            {
               "verse": "13",
               "text": "Those who have served well gain an excellent standing and great assurance in their faith in Christ Jesus."
            },
            {
               "verse": "14",
               "text": "Although I hope to come to you soon, I am writing you these instructions so that,"
            },
            {
               "verse": "15",
               "text": "if I am delayed, you will know how people ought to conduct themselves in God`s household, which is the church of the living God, the pillar and foundation of the truth."
            },
            {
               "verse": "16",
               "text": "Beyond all question, the mystery from which true godliness springs is great: He appeared in the flesh, was vindicated by the Spirit, was seen by angels, was preached among the nations, was believed on in the world, was taken up in glory."
            }
         ]
      },
      {
         "chapter": "4",
         "verses": [
            {
               "verse": "1",
               "text": "The Spirit clearly says that in later times some will abandon the faith and follow deceiving spirits and things taught by demons."
            },
            {
               "verse": "2",
               "text": "Such teachings come through hypocritical liars, whose consciences have been seared as with a hot iron."
            },
            {
               "verse": "3",
               "text": "They forbid people to marry and order them to abstain from certain foods, which God created to be received with thanksgiving by those who believe and who know the truth."
            },
            {
               "verse": "4",
               "text": "For everything God created is good, and nothing is to be rejected if it is received with thanksgiving,"
            },
            {
               "verse": "5",
               "text": "because it is consecrated by the word of God and prayer."
            },
            {
               "verse": "6",
               "text": "If you point these things out to the brothers and sisters, you will be a good minister of Christ Jesus, nourished on the truths of the faith and of the good teaching that you have followed."
            },
            {
               "verse": "7",
               "text": "Have nothing to do with godless myths and old wives` tales; rather, train yourself to be godly."
            },
            {
               "verse": "8",
               "text": "For physical training is of some value, but godliness has value for all things, holding promise for both the present life and the life to come."
            },
            {
               "verse": "9",
               "text": "This is a trustworthy saying that deserves full acceptance."
            },
            {
               "verse": "10",
               "text": "That is why we labor and strive, because we have put our hope in the living God, who is the Savior of all people, and especially of those who believe."
            },
            {
               "verse": "11",
               "text": "Command and teach these things."
            },
            {
               "verse": "12",
               "text": "Don`t let anyone look down on you because you are young, but set an example for the believers in speech, in conduct, in love, in faith and in purity."
            },
            {
               "verse": "13",
               "text": "Until I come, devote yourself to the public reading of Scripture, to preaching and to teaching."
            },
            {
               "verse": "14",
               "text": "Do not neglect your gift, which was given you through prophecy when the body of elders laid their hands on you."
            },
            {
               "verse": "15",
               "text": "Be diligent in these matters; give yourself wholly to them, so that everyone may see your progress."
            },
            {
               "verse": "16",
               "text": "Watch your life and doctrine closely. Persevere in them, because if you do, you will save both yourself and your hearers."
            }
         ]
      },
      {
         "chapter": "5",
         "verses": [
            {
               "verse": "1",
               "text": "Do not rebuke an older man harshly, but exhort him as if he were your father. Treat younger men as brothers,"
            },
            {
               "verse": "2",
               "text": "older women as mothers, and younger women as sisters, with absolute purity."
            },
            {
               "verse": "3",
               "text": "Give proper recognition to those widows who are really in need."
            },
            {
               "verse": "4",
               "text": "But if a widow has children or grandchildren, these should learn first of all to put their religion into practice by caring for their own family and so repaying their parents and grandparents, for this is pleasing to God."
            },
            {
               "verse": "5",
               "text": "The widow who is really in need and left all alone puts her hope in God and continues night and day to pray and to ask God for help."
            },
            {
               "verse": "6",
               "text": "But the widow who lives for pleasure is dead even while she lives."
            },
            {
               "verse": "7",
               "text": "Give the people these instructions, so that no one may be open to blame."
            },
            {
               "verse": "8",
               "text": "Anyone who does not provide for their relatives, and especially for their own household, has denied the faith and is worse than an unbeliever."
            },
            {
               "verse": "9",
               "text": "No widow may be put on the list of widows unless she is over sixty, has been faithful to her husband,"
            },
            {
               "verse": "10",
               "text": "and is well known for her good deeds, such as bringing up children, showing hospitality, washing the feet of the Lord`s people, helping those in trouble and devoting herself to all kinds of good deeds."
            },
            {
               "verse": "11",
               "text": "As for younger widows, do not put them on such a list. For when their sensual desires overcome their dedication to Christ, they want to marry."
            },
            {
               "verse": "12",
               "text": "Thus they bring judgment on themselves, because they have broken their first pledge."
            },
            {
               "verse": "13",
               "text": "Besides, they get into the habit of being idle and going about from house to house. And not only do they become idlers, but also busybodies who talk nonsense, saying things they ought not to."
            },
            {
               "verse": "14",
               "text": "So I counsel younger widows to marry, to have children, to manage their homes and to give the enemy no opportunity for slander."
            },
            {
               "verse": "15",
               "text": "Some have in fact already turned away to follow Satan."
            },
            {
               "verse": "16",
               "text": "If any woman who is a believer has widows in her care, she should continue to help them and not let the church be burdened with them, so that the church can help those widows who are really in need."
            },
            {
               "verse": "17",
               "text": "The elders who direct the affairs of the church well are worthy of double honor, especially those whose work is preaching and teaching."
            },
            {
               "verse": "18",
               "text": "For Scripture says, “Do not muzzle an ox while it is treading out the grain,” and “The worker deserves his wages.”"
            },
            {
               "verse": "19",
               "text": "Do not entertain an accusation against an elder unless it is brought by two or three witnesses."
            },
            {
               "verse": "20",
               "text": "But those elders who are sinning you are to reprove before everyone, so that the others may take warning."
            },
            {
               "verse": "21",
               "text": "I charge you, in the sight of God and Christ Jesus and the elect angels, to keep these instructions without partiality, and to do nothing out of favoritism."
            },
            {
               "verse": "22",
               "text": "Do not be hasty in the laying on of hands, and do not share in the sins of others. Keep yourself pure."
            },
            {
               "verse": "23",
               "text": "Stop drinking only water, and use a little wine because of your stomach and your frequent illnesses."
            },
            {
               "verse": "24",
               "text": "The sins of some are obvious, reaching the place of judgment ahead of them; the sins of others trail behind them."
            },
            {
               "verse": "25",
               "text": "In the same way, good deeds are obvious, and even those that are not obvious cannot remain hidden forever."
            }
         ]
      },
      {
         "chapter": "6",
         "verses": [
            {
               "verse": "1",
               "text": "All who are under the yoke of slavery should consider their masters worthy of full respect, so that God`s name and our teaching may not be slandered."
            },
            {
               "verse": "2",
               "text": "Those who have believing masters should not show them disrespect just because they are fellow believers. Instead, they should serve them even better because their masters are dear to them as fellow believers and are devoted to the welfare of their slaves. These are the things you are to teach and insist on."
            },
            {
               "verse": "3",
               "text": "If anyone teaches otherwise and does not agree to the sound instruction of our Lord Jesus Christ and to godly teaching,"
            },
            {
               "verse": "4",
               "text": "they are conceited and understand nothing. They have an unhealthy interest in controversies and quarrels about words that result in envy, strife, malicious talk, evil suspicions"
            },
            {
               "verse": "5",
               "text": "and constant friction between people of corrupt mind, who have been robbed of the truth and who think that godliness is a means to financial gain."
            },
            {
               "verse": "6",
               "text": "But godliness with contentment is great gain."
            },
            {
               "verse": "7",
               "text": "For we brought nothing into the world, and we can take nothing out of it."
            },
            {
               "verse": "8",
               "text": "But if we have food and clothing, we will be content with that."
            },
            {
               "verse": "9",
               "text": "Those who want to get rich fall into temptation and a trap and into many foolish and harmful desires that plunge people into ruin and destruction."
            },
            {
               "verse": "10",
               "text": "For the love of money is a root of all kinds of evil. Some people, eager for money, have wandered from the faith and pierced themselves with many griefs."
            },
            {
               "verse": "11",
               "text": "But you, man of God, flee from all this, and pursue righteousness, godliness, faith, love, endurance and gentleness."
            },
            {
               "verse": "12",
               "text": "Fight the good fight of the faith. Take hold of the eternal life to which you were called when you made your good confession in the presence of many witnesses."
            },
            {
               "verse": "13",
               "text": "In the sight of God, who gives life to everything, and of Christ Jesus, who while testifying before Pontius Pilate made the good confession, I charge you"
            },
            {
               "verse": "14",
               "text": "to keep this command without spot or blame until the appearing of our Lord Jesus Christ,"
            },
            {
               "verse": "15",
               "text": "which God will bring about in his own time—God, the blessed and only Ruler, the King of kings and Lord of lords,"
            },
            {
               "verse": "16",
               "text": "who alone is immortal and who lives in unapproachable light, whom no one has seen or can see. To him be honor and might forever. Amen."
            },
            {
               "verse": "17",
               "text": "Command those who are rich in this present world not to be arrogant nor to put their hope in wealth, which is so uncertain, but to put their hope in God, who richly provides us with everything for our enjoyment."
            },
            {
               "verse": "18",
               "text": "Command them to do good, to be rich in good deeds, and to be generous and willing to share."
            },
            {
               "verse": "19",
               "text": "In this way they will lay up treasure for themselves as a firm foundation for the coming age, so that they may take hold of the life that is truly life."
            },
            {
               "verse": "20",
               "text": "Timothy, guard what has been entrusted to your care. Turn away from godless chatter and the opposing ideas of what is falsely called knowledge,"
            },
            {
               "verse": "21",
               "text": "which some have professed and in so doing have departed from the faith. Grace be with you all."
            }
         ]
      }
   ]
}