{
   "book": "2 Peter",
   "count": 3,
   "chapters": [
      {
         "chapter": "1",
         "verses": [
            {
               "verse": "1",
               "text": "Simon Peter, a servant and apostle of Jesus Christ, To those who through the righteousness of our God and Savior Jesus Christ have received a faith as precious as ours:"
            },
            {
               "verse": "2",
               "text": "Grace and peace be yours in abundance through the knowledge of God and of Jesus our Lord."
            },
            {
               "verse": "3",
               "text": "His divine power has given us everything we need for a godly life through our knowledge of him who called us by his own glory and goodness."
            },
            {
               "verse": "4",
               "text": "Through these he has given us his very great and precious promises, so that through them you may participate in the divine nature, having escaped the corruption in the world caused by evil desires."
            },
            {
               "verse": "5",
               "text": "For this very reason, make every effort to add to your faith goodness; and to goodness, knowledge;"
            },
            {
               "verse": "6",
               "text": "and to knowledge, self-control; and to self-control, perseverance; and to perseverance, godliness;"
            },
            {
               "verse": "7",
               "text": "and to godliness, mutual affection; and to mutual affection, love."
            },
            {
               "verse": "8",
               "text": "For if you possess these qualities in increasing measure, they will keep you from being ineffective and unproductive in your knowledge of our Lord Jesus Christ."
            },
            {
               "verse": "9",
               "text": "But whoever does not have them is nearsighted and blind, forgetting that they have been cleansed from their past sins."
            },
            {
               "verse": "10",
               "text": "Therefore, my brothers and sisters, make every effort to confirm your calling and election. For if you do these things, you will never stumble,"
            },
            {
               "verse": "11",
               "text": "and you will receive a rich welcome into the eternal kingdom of our Lord and Savior Jesus Christ."
            },
            {
               "verse": "12",
               "text": "So I will always remind you of these things, even though you know them and are firmly established in the truth you now have."
            },
            {
               "verse": "13",
               "text": "I think it is right to refresh your memory as long as I live in the tent of this body,"
            },
            {
               "verse": "14",
               "text": "because I know that I will soon put it aside, as our Lord Jesus Christ has made clear to me."
            },
            {
               "verse": "15",
               "text": "And I will make every effort to see that after my departure you will always be able to remember these things."
            },
            {
               "verse": "16",
               "text": "For we did not follow cleverly devised stories when we told you about the coming of our Lord Jesus Christ in power, but we were eyewitnesses of his majesty."
            },
            {
               "verse": "17",
               "text": "He received honor and glory from God the Father when the voice came to him from the Majestic Glory, saying, “This is my Son, whom I love; with him I am well pleased.”"
            },
            {
               "verse": "18",
               "text": "We ourselves heard this voice that came from heaven when we were with him on the sacred mountain."
            },
            {
               "verse": "19",
               "text": "We also have the prophetic message as something completely reliable, and you will do well to pay attention to it, as to a light shining in a dark place, until the day dawns and the morning star rises in your hearts."
            },
            {
               "verse": "20",
               "text": "Above all, you must understand that no prophecy of Scripture came about by the prophet`s own interpretation of things."
            },
            {
               "verse": "21",
               "text": "For prophecy never had its origin in the human will, but prophets, though human, spoke from God as they were carried along by the Holy Spirit."
            }
         ]
      },
      {
         "chapter": "2",
         "verses": [
            {
               "verse": "1",
               "text": "But there were also false prophets among the people, just as there will be false teachers among you. They will secretly introduce destructive heresies, even denying the sovereign Lord who bought them—bringing swift destruction on themselves."
            },
            {
               "verse": "2",
               "text": "Many will follow their depraved conduct and will bring the way of truth into disrepute."
            },
            {
               "verse": "3",
               "text": "In their greed these teachers will exploit you with fabricated stories. Their condemnation has long been hanging over them, and their destruction has not been sleeping."
            },
            {
               "verse": "4",
               "text": "For if God did not spare angels when they sinned, but sent them to hell, putting them in chains of darkness to be held for judgment;"
            },
            {
               "verse": "5",
               "text": "if he did not spare the ancient world when he brought the flood on its ungodly people, but protected Noah, a preacher of righteousness, and seven others;"
            },
            {
               "verse": "6",
               "text": "if he condemned the cities of Sodom and Gomorrah by burning them to ashes, and made them an example of what is going to happen to the ungodly;"
            },
            {
               "verse": "7",
               "text": "and if he rescued Lot, a righteous man, who was distressed by the depraved conduct of the lawless"
            },
            {
               "verse": "8",
               "text": "(for that righteous man, living among them day after day, was tormented in his righteous soul by the lawless deeds he saw and heard)—"
            },
            {
               "verse": "9",
               "text": "if this is so, then the Lord knows how to rescue the godly from trials and to hold the unrighteous for punishment on the day of judgment."
            },
            {
               "verse": "10",
               "text": "This is especially true of those who follow the corrupt desire of the flesh and despise authority. Bold and arrogant, they are not afraid to heap abuse on celestial beings;"
            },
            {
               "verse": "11",
               "text": "yet even angels, although they are stronger and more powerful, do not heap abuse on such beings when bringing judgment on them from the Lord."
            },
            {
               "verse": "12",
               "text": "But these people blaspheme in matters they do not understand. They are like unreasoning animals, creatures of instinct, born only to be caught and destroyed, and like animals they too will perish."
            },
            {
               "verse": "13",
               "text": "They will be paid back with harm for the harm they have done. Their idea of pleasure is to carouse in broad daylight. They are blots and blemishes, reveling in their pleasures while they feast with you."
            },
            {
               "verse": "14",
               "text": "With eyes full of adultery, they never stop sinning; they seduce the unstable; they are experts in greed—an accursed brood!"
            },
            {
               "verse": "15",
               "text": "They have left the straight way and wandered off to follow the way of Balaam son of Bezer, who loved the wages of wickedness."
            },
            {
               "verse": "16",
               "text": "But he was rebuked for his wrongdoing by a donkey—an animal without speech—who spoke with a human voice and restrained the prophet`s madness."
            },
            {
               "verse": "17",
               "text": "These people are springs without water and mists driven by a storm. Blackest darkness is reserved for them."
            },
            {
               "verse": "18",
               "text": "For they mouth empty, boastful words and, by appealing to the lustful desires of the flesh, they entice people who are just escaping from those who live in error."
            },
            {
               "verse": "19",
               "text": "They promise them freedom, while they themselves are slaves of depravity—for “people are slaves to whatever has mastered them.”"
            },
            {
               "verse": "20",
               "text": "If they have escaped the corruption of the world by knowing our Lord and Savior Jesus Christ and are again entangled in it and are overcome, they are worse off at the end than they were at the beginning."
            },
            {
               "verse": "21",
               "text": "It would have been better for them not to have known the way of righteousness, than to have known it and then to turn their backs on the sacred command that was passed on to them."
            },
            {
               "verse": "22",
               "text": "Of them the proverbs are true: “A dog returns to its vomit,” and, “A sow that is washed returns to her wallowing in the mud.”"
            }
         ]
      },
      {
         "chapter": "3",
         "verses": [
            {
               "verse": "1",
               "text": "Dear friends, this is now my second letter to you. I have written both of them as reminders to stimulate you to wholesome thinking."
            },
            {
               "verse": "2",
               "text": "I want you to recall the words spoken in the past by the holy prophets and the command given by our Lord and Savior through your apostles."
            },
            {
               "verse": "3",
               "text": "Above all, you must understand that in the last days scoffers will come, scoffing and following their own evil desires."
            },
            {
               "verse": "4",
               "text": "They will say, “Where is this ‘coming` he promised? Ever since our ancestors died, everything goes on as it has since the beginning of creation.”"
            },
            {
               "verse": "5",
               "text": "But they deliberately forget that long ago by God`s word the heavens came into being and the earth was formed out of water and by water."
            },
            {
               "verse": "6",
               "text": "By these waters also the world of that time was deluged and destroyed."
            },
            {
               "verse": "7",
               "text": "By the same word the present heavens and earth are reserved for fire, being kept for the day of judgment and destruction of the ungodly."
            },
            {
               "verse": "8",
               "text": "But do not forget this one thing, dear friends: With the Lord a day is like a thousand years, and a thousand years are like a day."
            },
            {
               "verse": "9",
               "text": "The Lord is not slow in keeping his promise, as some understand slowness. Instead he is patient with you, not wanting anyone to perish, but everyone to come to repentance."
            },
            {
               "verse": "10",
               "text": "But the day of the Lord will come like a thief. The heavens will disappear with a roar; the elements will be destroyed by fire, and the earth and everything done in it will be laid bare."
            },
            {
               "verse": "11",
               "text": "Since everything will be destroyed in this way, what kind of people ought you to be? You ought to live holy and godly lives"
            },
            {
               "verse": "12",
               "text": "as you look forward to the day of God and speed its coming. That day will bring about the destruction of the heavens by fire, and the elements will melt in the heat."
            },
            {
               "verse": "13",
               "text": "But in keeping with his promise we are looking forward to a new heaven and a new earth, where righteousness dwells."
            },
            {
               "verse": "14",
               "text": "So then, dear friends, since you are looking forward to this, make every effort to be found spotless, blameless and at peace with him."
            },
            {
               "verse": "15",
               "text": "Bear in mind that our Lord`s patience means salvation, just as our dear brother Paul also wrote you with the wisdom that God gave him."
            },
            {
               "verse": "16",
               "text": "He writes the same way in all his letters, speaking in them of these matters. His letters contain some things that are hard to understand, which ignorant and unstable people distort, as they do the other Scriptures, to their own destruction."
            },
            {
               "verse": "17",
               "text": "Therefore, dear friends, since you have been forewarned, be on your guard so that you may not be carried away by the error of the lawless and fall from your secure position."
            },
            {
               "verse": "18",
               "text": "But grow in the grace and knowledge of our Lord and Savior Jesus Christ. To him be glory both now and forever! Amen."
            }
         ]
      }
   ]
}