{
   "book": "3 John",
   "count": 1,
   "chapters": [
      {
         "chapter": "1",
         "verses": [
            {
               "verse": "1",
               "text": "The elder, To my dear friend Gaius, whom I love in the truth."
            },
            {
               "verse": "2",
               "text": "Dear friend, I pray that you may enjoy good health and that all may go well with you, even as your soul is getting along well."
            },
            {
               "verse": "3",
               "text": "It gave me great joy when some believers came and testified about your faithfulness to the truth, telling how you continue to walk in it."
            },
            {
               "verse": "4",
               "text": "I have no greater joy than to hear that my children are walking in the truth."
            },
            {
               "verse": "5",
               "text": "Dear friend, you are faithful in what you are doing for the brothers and sisters, even though they are strangers to you."
            },
            {
               "verse": "6",
               "text": "They have told the church about your love. Please send them on their way in a manner that honors God."
            },
            {
               "verse": "7",
               "text": "It was for the sake of the Name that they went out, receiving no help from the pagans."
            },
            {
               "verse": "8",
               "text": "We ought therefore to show hospitality to such people so that we may work together for the truth."
            },
            {
               "verse": "9",
               "text": "I wrote to the church, but Diotrephes, who loves to be first, will not welcome us."
            },
            {
               "verse": "10",
               "text": "So when I come, I will call attention to what he is doing, spreading malicious nonsense about us. Not satisfied with that, he even refuses to welcome other believers. He also stops those who want to do so and puts them out of the church."
            },
            {
               "verse": "11",
               "text": "Dear friend, do not imitate what is evil but what is good. Anyone who does what is good is from God. Anyone who does what is evil has not seen God."
            },
            {
               "verse": "12",
               "text": "Demetrius is well spoken of by everyone—and even by the truth itself. We also speak well of him, and you know that our testimony is true."
            },
            {
               "verse": "13",
               "text": "I have much to write you, but I do not want to do so with pen and ink."
            },
            {
               "verse": "14",
               "text": "I hope to see you soon, and we will talk face to face."
            },
            {
               "verse": "15",
               "text": "Peace to you. The friends here send their greetings. Greet the friends there by name."
            }
         ]
      }
   ]
}