{
   "book": "Colossians",
   "count": 4,
   "chapters": [
      {
         "chapter": "1",
         "verses": [
            {
               "verse": "1",
               "text": "Paul, an apostle of Christ Jesus by the will of God, and Timothy our brother,"
            },
            {
               "verse": "2",
               "text": "To God`s holy people in Colossae, the faithful brothers and sisters in Christ: Grace and peace to you from God our Father."
            },
            {
               "verse": "3",
               "text": "We always thank God, the Father of our Lord Jesus Christ, when we pray for you,"
            },
            {
               "verse": "4",
               "text": "because we have heard of your faith in Christ Jesus and of the love you have for all God`s people—"
            },
            {
               "verse": "5",
               "text": "the faith and love that spring from the hope stored up for you in heaven and about which you have already heard in the true message of the gospel"
            },
            {
               "verse": "6",
               "text": "that has come to you. In the same way, the gospel is bearing fruit and growing throughout the whole world—just as it has been doing among you since the day you heard it and truly understood God`s grace."
            },
            {
               "verse": "7",
               "text": "You learned it from Epaphras, our dear fellow servant, who is a faithful minister of Christ on our behalf,"
            },
            {
               "verse": "8",
               "text": "and who also told us of your love in the Spirit."
            },
            {
               "verse": "9",
               "text": "For this reason, since the day we heard about you, we have not stopped praying for you. We continually ask God to fill you with the knowledge of his will through all the wisdom and understanding that the Spirit gives,"
            },
            {
               "verse": "10",
               "text": "so that you may live a life worthy of the Lord and please him in every way: bearing fruit in every good work, growing in the knowledge of God,"
            },
            {
               "verse": "11",
               "text": "being strengthened with all power according to his glorious might so that you may have great endurance and patience,"
            },
            {
               "verse": "12",
               "text": "and giving joyful thanks to the Father, who has qualified you to share in the inheritance of his holy people in the kingdom of light."
            },
            {
               "verse": "13",
               "text": "For he has rescued us from the dominion of darkness and brought us into the kingdom of the Son he loves,"
            },
            {
               "verse": "14",
               "text": "in whom we have redemption, the forgiveness of sins."
            },
            {
               "verse": "15",
               "text": "The Son is the image of the invisible God, the firstborn over all creation."
            },
            {
               "verse": "16",
               "text": "For in him all things were created: things in heaven and on earth, visible and invisible, whether thrones or powers or rulers or authorities; all things have been created through him and for him."
            },
            {
               "verse": "17",
               "text": "He is before all things, and in him all things hold together."
            },
            {
               "verse": "18",
               "text": "And he is the head of the body, the church; he is the beginning and the firstborn from among the dead, so that in everything he might have the supremacy."
            },
            {
               "verse": "19",
               "text": "For God was pleased to have all his fullness dwell in him,"
            },
            {
               "verse": "20",
               "text": "and through him to reconcile to himself all things, whether things on earth or things in heaven, by making peace through his blood, shed on the cross."
            },
            {
               "verse": "21",
               "text": "Once you were alienated from God and were enemies in your minds because of your evil behavior."
            },
            {
               "verse": "22",
               "text": "But now he has reconciled you by Christ`s physical body through death to present you holy in his sight, without blemish and free from accusation—"
            },
            {
               "verse": "23",
               "text": "if you continue in your faith, established and firm, and do not move from the hope held out in the gospel. This is the gospel that you heard and that has been proclaimed to every creature under heaven, and of which I, Paul, have become a servant."
            },
            {
               "verse": "24",
               "text": "Now I rejoice in what I am suffering for you, and I fill up in my flesh what is still lacking in regard to Christ`s afflictions, for the sake of his body, which is the church."
            },
            {
               "verse": "25",
               "text": "I have become its servant by the commission God gave me to present to you the word of God in its fullness—"
            },
            {
               "verse": "26",
               "text": "the mystery that has been kept hidden for ages and generations, but is now disclosed to the Lord`s people."
            },
            {
               "verse": "27",
               "text": "To them God has chosen to make known among the Gentiles the glorious riches of this mystery, which is Christ in you, the hope of glory."
            },
            {
               "verse": "28",
               "text": "He is the one we proclaim, admonishing and teaching everyone with all wisdom, so that we may present everyone fully mature in Christ."
            },
            {
               "verse": "29",
               "text": "To this end I strenuously contend with all the energy Christ so powerfully works in me."
            }
         ]
      },
      {
         "chapter": "2",
         "verses": [
            {
               "verse": "1",
               "text": "I want you to know how hard I am contending for you and for those at Laodicea, and for all who have not met me personally."
            },
            {
               "verse": "2",
               "text": "My goal is that they may be encouraged in heart and united in love, so that they may have the full riches of complete understanding, in order that they may know the mystery of God, namely, Christ,"
            },
            {
               "verse": "3",
               "text": "in whom are hidden all the treasures of wisdom and knowledge."
            },
            {
               "verse": "4",
               "text": "I tell you this so that no one may deceive you by fine-sounding arguments."
            },
            {
               "verse": "5",
               "text": "For though I am absent from you in body, I am present with you in spirit and delight to see how disciplined you are and how firm your faith in Christ is."
            },
            {
               "verse": "6",
               "text": "So then, just as you received Christ Jesus as Lord, continue to live your lives in him,"
            },
            {
               "verse": "7",
               "text": "rooted and built up in him, strengthened in the faith as you were taught, and overflowing with thankfulness."
            },
            {
               "verse": "8",
               "text": "See to it that no one takes you captive through hollow and deceptive philosophy, which depends on human tradition and the elemental spiritual forces of this world rather than on Christ."
            },
            {
               "verse": "9",
               "text": "For in Christ all the fullness of the Deity lives in bodily form,"
            },
            {
               "verse": "10",
               "text": "and in Christ you have been brought to fullness. He is the head over every power and authority."
            },
            {
               "verse": "11",
               "text": "In him you were also circumcised with a circumcision not performed by human hands. Your whole self ruled by the flesh was put off when you were circumcised by Christ,"
            },
            {
               "verse": "12",
               "text": "having been buried with him in baptism, in which you were also raised with him through your faith in the working of God, who raised him from the dead."
            },
            {
               "verse": "13",
               "text": "When you were dead in your sins and in the uncircumcision of your flesh, God made you alive with Christ. He forgave us all our sins,"
            },
            {
               "verse": "14",
               "text": "having canceled the charge of our legal indebtedness, which stood against us and condemned us; he has taken it away, nailing it to the cross."
            },
            {
               "verse": "15",
               "text": "And having disarmed the powers and authorities, he made a public spectacle of them, triumphing over them by the cross."
            },
            {
               "verse": "16",
               "text": "Therefore do not let anyone judge you by what you eat or drink, or with regard to a religious festival, a New Moon celebration or a Sabbath day."
            },
            {
               "verse": "17",
               "text": "These are a shadow of the things that were to come; the reality, however, is found in Christ."
            },
            {
               "verse": "18",
               "text": "Do not let anyone who delights in false humility and the worship of angels disqualify you. Such a person also goes into great detail about what they have seen; they are puffed up with idle notions by their unspiritual mind."
            },
            {
               "verse": "19",
               "text": "They have lost connection with the head, from whom the whole body, supported and held together by its ligaments and sinews, grows as God causes it to grow."
            },
            {
               "verse": "20",
               "text": "Since you died with Christ to the elemental spiritual forces of this world, why, as though you still belonged to the world, do you submit to its rules:"
            },
            {
               "verse": "21",
               "text": "“Do not handle! Do not taste! Do not touch!”?"
            },
            {
               "verse": "22",
               "text": "These rules, which have to do with things that are all destined to perish with use, are based on merely human commands and teachings."
            },
            {
               "verse": "23",
               "text": "Such regulations indeed have an appearance of wisdom, with their self-imposed worship, their false humility and their harsh treatment of the body, but they lack any value in restraining sensual indulgence."
            }
         ]
      },
      {
         "chapter": "3",
         "verses": [
            {
               "verse": "1",
               "text": "Since, then, you have been raised with Christ, set your hearts on things above, where Christ is, seated at the right hand of God."
            },
            {
               "verse": "2",
               "text": "Set your minds on things above, not on earthly things."
            },
            {
               "verse": "3",
               "text": "For you died, and your life is now hidden with Christ in God."
            },
            {
               "verse": "4",
               "text": "When Christ, who is your life, appears, then you also will appear with him in glory."
            },
            {
               "verse": "5",
               "text": "Put to death, therefore, whatever belongs to your earthly nature: sexual immorality, impurity, lust, evil desires and greed, which is idolatry."
            },
            {
               "verse": "6",
               "text": "Because of these, the wrath of God is coming."
            },
            {
               "verse": "7",
               "text": "You used to walk in these ways, in the life you once lived."
            },
            {
               "verse": "8",
               "text": "But now you must also rid yourselves of all such things as these: anger, rage, malice, slander, and filthy language from your lips."
            },
            {
               "verse": "9",
               "text": "Do not lie to each other, since you have taken off your old self with its practices"
            },
            {
               "verse": "10",
               "text": "and have put on the new self, which is being renewed in knowledge in the image of its Creator."
            },
            {
               "verse": "11",
               "text": "Here there is no Gentile or Jew, circumcised or uncircumcised, barbarian, Scythian, slave or free, but Christ is all, and is in all."
            },
            {
               "verse": "12",
               "text": "Therefore, as God`s chosen people, holy and dearly loved, clothe yourselves with compassion, kindness, humility, gentleness and patience."
            },
            {
               "verse": "13",
               "text": "Bear with each other and forgive one another if any of you has a grievance against someone. Forgive as the Lord forgave you."
            },
            {
               "verse": "14",
               "text": "And over all these virtues put on love, which binds them all together in perfect unity."
            },
            {
               "verse": "15",
               "text": "Let the peace of Christ rule in your hearts, since as members of one body you were called to peace. And be thankful."
            },
            {
               "verse": "16",
               "text": "Let the message of Christ dwell among you richly as you teach and admonish one another with all wisdom through psalms, hymns, and songs from the Spirit, singing to God with gratitude in your hearts."
            },
            {
               "verse": "17",
               "text": "And whatever you do, whether in word or deed, do it all in the name of the Lord Jesus, giving thanks to God the Father through him."
            },
            {
               "verse": "18",
               "text": "Wives, submit yourselves to your husbands, as is fitting in the Lord."
            },
            {
               "verse": "19",
               "text": "Husbands, love your wives and do not be harsh with them."
            },
            {
               "verse": "20",
               "text": "Children, obey your parents in everything, for this pleases the Lord."
            },
            {
               "verse": "21",
               "text": "Fathers, do not embitter your children, or they will become discouraged."
            },
            {
               "verse": "22",
               "text": "Slaves, obey your earthly masters in everything; and do it, not only when their eye is on you and to curry their favor, but with sincerity of heart and reverence for the Lord."
            },
            {
               "verse": "23",
               "text": "Whatever you do, work at it with all your heart, as working for the Lord, not for human masters,"
            },
            {
               "verse": "24",
               "text": "since you know that you will receive an inheritance from the Lord as a reward. It is the Lord Christ you are serving."
            },
            {
               "verse": "25",
               "text": "Anyone who does wrong will be repaid for their wrongs, and there is no favoritism."
            }
         ]
      },
      {
         "chapter": "4",
         "verses": [
            {
               "verse": "1",
               "text": "Masters, provide your slaves with what is right and fair, because you know that you also have a Master in heaven."
            },
            {
               "verse": "2",
               "text": "Devote yourselves to prayer, being watchful and thankful."
            },
            {
               "verse": "3",
               "text": "And pray for us, too, that God may open a door for our message, so that we may proclaim the mystery of Christ, for which I am in chains."
            },
            {
               "verse": "4",
               "text": "Pray that I may proclaim it clearly, as I should."
            },
            {
               "verse": "5",
               "text": "Be wise in the way you act toward outsiders; make the most of every opportunity."
            },
            {
               "verse": "6",
               "text": "Let your conversation be always full of grace, seasoned with salt, so that you may know how to answer everyone."
            },
            {
               "verse": "7",
               "text": "Tychicus will tell you all the news about me. He is a dear brother, a faithful minister and fellow servant in the Lord."
            },
            {
               "verse": "8",
               "text": "I am sending him to you for the express purpose that you may know about our circumstances and that he may encourage your hearts."
            },
            {
               "verse": "9",
               "text": "He is coming with Onesimus, our faithful and dear brother, who is one of you. They will tell you everything that is happening here."
            },
            {
               "verse": "10",
               "text": "My fellow prisoner Aristarchus sends you his greetings, as does Mark, the cousin of Barnabas. (You have received instructions about him; if he comes to you, welcome him.)"
            },
            {
               "verse": "11",
               "text": "Jesus, who is called Justus, also sends greetings. These are the only Jews among my co-workers for the kingdom of God, and they have proved a comfort to me."
            },
            {
               "verse": "12",
               "text": "Epaphras, who is one of you and a servant of Christ Jesus, sends greetings. He is always wrestling in prayer for you, that you may stand firm in all the will of God, mature and fully assured."
            },
            {
               "verse": "13",
               "text": "I vouch for him that he is working hard for you and for those at Laodicea and Hierapolis."
            },
            {
               "verse": "14",
               "text": "Our dear friend Luke, the doctor, and Demas send greetings."
            },
            {
               "verse": "15",
               "text": "Give my greetings to the brothers and sisters at Laodicea, and to Nympha and the church in her house."
            },
            {
               "verse": "16",
               "text": "After this letter has been read to you, see that it is also read in the church of the Laodiceans and that you in turn read the letter from Laodicea."
            },
            {
               "verse": "17",
               "text": "Tell Archippus: “See to it that you complete the ministry you have received in the Lord.”"
            },
            {
               "verse": "18",
               "text": "I, Paul, write this greeting in my own hand. Remember my chains. Grace be with you."
            }
         ]
      }
   ]
}