{
   "book": "Daniel",
   "count": 12,
   "chapters": [
      {
         "chapter": "1",
         "verses": [
            {
               "verse": "1",
               "text": "In the third year of the reign of Jehoiakim king of Judah, Nebuchadnezzar king of Babylon came to Jerusalem and besieged it."
            },
            {
               "verse": "2",
               "text": "And the Lord delivered Jehoiakim king of Judah into his hand, along with some of the articles from the temple of God. These he carried off to the temple of his god in Babylonia and put in the treasure house of his god."
            },
            {
               "verse": "3",
               "text": "Then the king ordered Ashpenaz, chief of his court officials, to bring into the king`s service some of the Israelites from the royal family and the nobility—"
            },
            {
               "verse": "4",
               "text": "young men without any physical defect, handsome, showing aptitude for every kind of learning, well informed, quick to understand, and qualified to serve in the king`s palace. He was to teach them the language and literature of the Babylonians."
            },
            {
               "verse": "5",
               "text": "The king assigned them a daily amount of food and wine from the king`s table. They were to be trained for three years, and after that they were to enter the king`s service."
            },
            {
               "verse": "6",
               "text": "Among those who were chosen were some from Judah: Daniel, Hananiah, Mishael and Azariah."
            },
            {
               "verse": "7",
               "text": "The chief official gave them new names: to Daniel, the name Belteshazzar; to Hananiah, Shadrach; to Mishael, Meshach; and to Azariah, Abednego."
            },
            {
               "verse": "8",
               "text": "But Daniel resolved not to defile himself with the royal food and wine, and he asked the chief official for permission not to defile himself this way."
            },
            {
               "verse": "9",
               "text": "Now God had caused the official to show favor and compassion to Daniel,"
            },
            {
               "verse": "10",
               "text": "but the official told Daniel, “I am afraid of my lord the king, who has assigned your food and drink. Why should he see you looking worse than the other young men your age? The king would then have my head because of you.”"
            },
            {
               "verse": "11",
               "text": "Daniel then said to the guard whom the chief official had appointed over Daniel, Hananiah, Mishael and Azariah,"
            },
            {
               "verse": "12",
               "text": "“Please test your servants for ten days: Give us nothing but vegetables to eat and water to drink."
            },
            {
               "verse": "13",
               "text": "Then compare our appearance with that of the young men who eat the royal food, and treat your servants in accordance with what you see.”"
            },
            {
               "verse": "14",
               "text": "So he agreed to this and tested them for ten days."
            },
            {
               "verse": "15",
               "text": "At the end of the ten days they looked healthier and better nourished than any of the young men who ate the royal food."
            },
            {
               "verse": "16",
               "text": "So the guard took away their choice food and the wine they were to drink and gave them vegetables instead."
            },
            {
               "verse": "17",
               "text": "To these four young men God gave knowledge and understanding of all kinds of literature and learning. And Daniel could understand visions and dreams of all kinds."
            },
            {
               "verse": "18",
               "text": "At the end of the time set by the king to bring them into his service, the chief official presented them to Nebuchadnezzar."
            },
            {
               "verse": "19",
               "text": "The king talked with them, and he found none equal to Daniel, Hananiah, Mishael and Azariah; so they entered the king`s service."
            },
            {
               "verse": "20",
               "text": "In every matter of wisdom and understanding about which the king questioned them, he found them ten times better than all the magicians and enchanters in his whole kingdom."
            },
            {
               "verse": "21",
               "text": "And Daniel remained there until the first year of King Cyrus."
            }
         ]
      },
      {
         "chapter": "2",
         "verses": [
            {
               "verse": "1",
               "text": "In the second year of his reign, Nebuchadnezzar had dreams; his mind was troubled and he could not sleep."
            },
            {
               "verse": "2",
               "text": "So the king summoned the magicians, enchanters, sorcerers and astrologers to tell him what he had dreamed. When they came in and stood before the king,"
            },
            {
               "verse": "3",
               "text": "he said to them, “I have had a dream that troubles me and I want to know what it means.”"
            },
            {
               "verse": "4",
               "text": "Then the astrologers answered the king, “May the king live forever! Tell your servants the dream, and we will interpret it.”"
            },
            {
               "verse": "5",
               "text": "The king replied to the astrologers, “This is what I have firmly decided: If you do not tell me what my dream was and interpret it, I will have you cut into pieces and your houses turned into piles of rubble."
            },
            {
               "verse": "6",
               "text": "But if you tell me the dream and explain it, you will receive from me gifts and rewards and great honor. So tell me the dream and interpret it for me.”"
            },
            {
               "verse": "7",
               "text": "Once more they replied, “Let the king tell his servants the dream, and we will interpret it.”"
            },
            {
               "verse": "8",
               "text": "Then the king answered, “I am certain that you are trying to gain time, because you realize that this is what I have firmly decided:"
            },
            {
               "verse": "9",
               "text": "If you do not tell me the dream, there is only one penalty for you. You have conspired to tell me misleading and wicked things, hoping the situation will change. So then, tell me the dream, and I will know that you can interpret it for me.”"
            },
            {
               "verse": "10",
               "text": "The astrologers answered the king, “There is no one on earth who can do what the king asks! No king, however great and mighty, has ever asked such a thing of any magician or enchanter or astrologer."
            },
            {
               "verse": "11",
               "text": "What the king asks is too difficult. No one can reveal it to the king except the gods, and they do not live among humans.”"
            },
            {
               "verse": "12",
               "text": "This made the king so angry and furious that he ordered the execution of all the wise men of Babylon."
            },
            {
               "verse": "13",
               "text": "So the decree was issued to put the wise men to death, and men were sent to look for Daniel and his friends to put them to death."
            },
            {
               "verse": "14",
               "text": "When Arioch, the commander of the king`s guard, had gone out to put to death the wise men of Babylon, Daniel spoke to him with wisdom and tact."
            },
            {
               "verse": "15",
               "text": "He asked the king`s officer, “Why did the king issue such a harsh decree?” Arioch then explained the matter to Daniel."
            },
            {
               "verse": "16",
               "text": "At this, Daniel went in to the king and asked for time, so that he might interpret the dream for him."
            },
            {
               "verse": "17",
               "text": "Then Daniel returned to his house and explained the matter to his friends Hananiah, Mishael and Azariah."
            },
            {
               "verse": "18",
               "text": "He urged them to plead for mercy from the God of heaven concerning this mystery, so that he and his friends might not be executed with the rest of the wise men of Babylon."
            },
            {
               "verse": "19",
               "text": "During the night the mystery was revealed to Daniel in a vision. Then Daniel praised the God of heaven"
            },
            {
               "verse": "20",
               "text": "and said: “Praise be to the name of God for ever and ever; wisdom and power are his."
            },
            {
               "verse": "21",
               "text": "He changes times and seasons; he deposes kings and raises up others. He gives wisdom to the wise and knowledge to the discerning."
            },
            {
               "verse": "22",
               "text": "He reveals deep and hidden things; he knows what lies in darkness, and light dwells with him."
            },
            {
               "verse": "23",
               "text": "I thank and praise you, God of my ancestors: You have given me wisdom and power, you have made known to me what we asked of you, you have made known to us the dream of the king.”"
            },
            {
               "verse": "24",
               "text": "Then Daniel went to Arioch, whom the king had appointed to execute the wise men of Babylon, and said to him, “Do not execute the wise men of Babylon. Take me to the king, and I will interpret his dream for him.”"
            },
            {
               "verse": "25",
               "text": "Arioch took Daniel to the king at once and said, “I have found a man among the exiles from Judah who can tell the king what his dream means.”"
            },
            {
               "verse": "26",
               "text": "The king asked Daniel (also called Belteshazzar), “Are you able to tell me what I saw in my dream and interpret it?”"
            },
            {
               "verse": "27",
               "text": "Daniel replied, “No wise man, enchanter, magician or diviner can explain to the king the mystery he has asked about,"
            },
            {
               "verse": "28",
               "text": "but there is a God in heaven who reveals mysteries. He has shown King Nebuchadnezzar what will happen in days to come. Your dream and the visions that passed through your mind as you were lying in bed are these:"
            },
            {
               "verse": "29",
               "text": "“As Your Majesty was lying there, your mind turned to things to come, and the revealer of mysteries showed you what is going to happen."
            },
            {
               "verse": "30",
               "text": "As for me, this mystery has been revealed to me, not because I have greater wisdom than anyone else alive, but so that Your Majesty may know the interpretation and that you may understand what went through your mind."
            },
            {
               "verse": "31",
               "text": "“Your Majesty looked, and there before you stood a large statue—an enormous, dazzling statue, awesome in appearance."
            },
            {
               "verse": "32",
               "text": "The head of the statue was made of pure gold, its chest and arms of silver, its belly and thighs of bronze,"
            },
            {
               "verse": "33",
               "text": "its legs of iron, its feet partly of iron and partly of baked clay."
            },
            {
               "verse": "34",
               "text": "While you were watching, a rock was cut out, but not by human hands. It struck the statue on its feet of iron and clay and smashed them."
            },
            {
               "verse": "35",
               "text": "Then the iron, the clay, the bronze, the silver and the gold were all broken to pieces and became like chaff on a threshing floor in the summer. The wind swept them away without leaving a trace. But the rock that struck the statue became a huge mountain and filled the whole earth."
            },
            {
               "verse": "36",
               "text": "“This was the dream, and now we will interpret it to the king."
            },
            {
               "verse": "37",
               "text": "Your Majesty, you are the king of kings. The God of heaven has given you dominion and power and might and glory;"
            },
            {
               "verse": "38",
               "text": "in your hands he has placed all mankind and the beasts of the field and the birds in the sky. Wherever they live, he has made you ruler over them all. You are that head of gold."
            },
            {
               "verse": "39",
               "text": "“After you, another kingdom will arise, inferior to yours. Next, a third kingdom, one of bronze, will rule over the whole earth."
            },
            {
               "verse": "40",
               "text": "Finally, there will be a fourth kingdom, strong as iron—for iron breaks and smashes everything—and as iron breaks things to pieces, so it will crush and break all the others."
            },
            {
               "verse": "41",
               "text": "Just as you saw that the feet and toes were partly of baked clay and partly of iron, so this will be a divided kingdom; yet it will have some of the strength of iron in it, even as you saw iron mixed with clay."
            },
            {
               "verse": "42",
               "text": "As the toes were partly iron and partly clay, so this kingdom will be partly strong and partly brittle."
            },
            {
               "verse": "43",
               "text": "And just as you saw the iron mixed with baked clay, so the people will be a mixture and will not remain united, any more than iron mixes with clay."
            },
            {
               "verse": "44",
               "text": "“In the time of those kings, the God of heaven will set up a kingdom that will never be destroyed, nor will it be left to another people. It will crush all those kingdoms and bring them to an end, but it will itself endure forever."
            },
            {
               "verse": "45",
               "text": "This is the meaning of the vision of the rock cut out of a mountain, but not by human hands—a rock that broke the iron, the bronze, the clay, the silver and the gold to pieces. “The great God has shown the king what will take place in the future. The dream is true and its interpretation is trustworthy.”"
            },
            {
               "verse": "46",
               "text": "Then King Nebuchadnezzar fell prostrate before Daniel and paid him honor and ordered that an offering and incense be presented to him."
            },
            {
               "verse": "47",
               "text": "The king said to Daniel, “Surely your God is the God of gods and the Lord of kings and a revealer of mysteries, for you were able to reveal this mystery.”"
            },
            {
               "verse": "48",
               "text": "Then the king placed Daniel in a high position and lavished many gifts on him. He made him ruler over the entire province of Babylon and placed him in charge of all its wise men."
            },
            {
               "verse": "49",
               "text": "Moreover, at Daniel`s request the king appointed Shadrach, Meshach and Abednego administrators over the province of Babylon, while Daniel himself remained at the royal court."
            }
         ]
      },
      {
         "chapter": "3",
         "verses": [
            {
               "verse": "1",
               "text": "King Nebuchadnezzar made an image of gold, sixty cubits high and six cubits wide, and set it up on the plain of Dura in the province of Babylon."
            },
            {
               "verse": "2",
               "text": "He then summoned the satraps, prefects, governors, advisers, treasurers, judges, magistrates and all the other provincial officials to come to the dedication of the image he had set up."
            },
            {
               "verse": "3",
               "text": "So the satraps, prefects, governors, advisers, treasurers, judges, magistrates and all the other provincial officials assembled for the dedication of the image that King Nebuchadnezzar had set up, and they stood before it."
            },
            {
               "verse": "4",
               "text": "Then the herald loudly proclaimed, “Nations and peoples of every language, this is what you are commanded to do:"
            },
            {
               "verse": "5",
               "text": "As soon as you hear the sound of the horn, flute, zither, lyre, harp, pipe and all kinds of music, you must fall down and worship the image of gold that King Nebuchadnezzar has set up."
            },
            {
               "verse": "6",
               "text": "Whoever does not fall down and worship will immediately be thrown into a blazing furnace.”"
            },
            {
               "verse": "7",
               "text": "Therefore, as soon as they heard the sound of the horn, flute, zither, lyre, harp and all kinds of music, all the nations and peoples of every language fell down and worshiped the image of gold that King Nebuchadnezzar had set up."
            },
            {
               "verse": "8",
               "text": "At this time some astrologers came forward and denounced the Jews."
            },
            {
               "verse": "9",
               "text": "They said to King Nebuchadnezzar, “May the king live forever!"
            },
            {
               "verse": "10",
               "text": "Your Majesty has issued a decree that everyone who hears the sound of the horn, flute, zither, lyre, harp, pipe and all kinds of music must fall down and worship the image of gold,"
            },
            {
               "verse": "11",
               "text": "and that whoever does not fall down and worship will be thrown into a blazing furnace."
            },
            {
               "verse": "12",
               "text": "But there are some Jews whom you have set over the affairs of the province of Babylon—Shadrach, Meshach and Abednego—who pay no attention to you, Your Majesty. They neither serve your gods nor worship the image of gold you have set up.”"
            },
            {
               "verse": "13",
               "text": "Furious with rage, Nebuchadnezzar summoned Shadrach, Meshach and Abednego. So these men were brought before the king,"
            },
            {
               "verse": "14",
               "text": "and Nebuchadnezzar said to them, “Is it true, Shadrach, Meshach and Abednego, that you do not serve my gods or worship the image of gold I have set up?"
            },
            {
               "verse": "15",
               "text": "Now when you hear the sound of the horn, flute, zither, lyre, harp, pipe and all kinds of music, if you are ready to fall down and worship the image I made, very good. But if you do not worship it, you will be thrown immediately into a blazing furnace. Then what god will be able to rescue you from my hand?”"
            },
            {
               "verse": "16",
               "text": "Shadrach, Meshach and Abednego replied to him, “King Nebuchadnezzar, we do not need to defend ourselves before you in this matter."
            },
            {
               "verse": "17",
               "text": "If we are thrown into the blazing furnace, the God we serve is able to deliver us from it, and he will deliver us from Your Majesty`s hand."
            },
            {
               "verse": "18",
               "text": "But even if he does not, we want you to know, Your Majesty, that we will not serve your gods or worship the image of gold you have set up.”"
            },
            {
               "verse": "19",
               "text": "Then Nebuchadnezzar was furious with Shadrach, Meshach and Abednego, and his attitude toward them changed. He ordered the furnace heated seven times hotter than usual"
            },
            {
               "verse": "20",
               "text": "and commanded some of the strongest soldiers in his army to tie up Shadrach, Meshach and Abednego and throw them into the blazing furnace."
            },
            {
               "verse": "21",
               "text": "So these men, wearing their robes, trousers, turbans and other clothes, were bound and thrown into the blazing furnace."
            },
            {
               "verse": "22",
               "text": "The king`s command was so urgent and the furnace so hot that the flames of the fire killed the soldiers who took up Shadrach, Meshach and Abednego,"
            },
            {
               "verse": "23",
               "text": "and these three men, firmly tied, fell into the blazing furnace."
            },
            {
               "verse": "24",
               "text": "Then King Nebuchadnezzar leaped to his feet in amazement and asked his advisers, “Weren`t there three men that we tied up and threw into the fire?” They replied, “Certainly, Your Majesty.”"
            },
            {
               "verse": "25",
               "text": "He said, “Look! I see four men walking around in the fire, unbound and unharmed, and the fourth looks like a son of the gods.”"
            },
            {
               "verse": "26",
               "text": "Nebuchadnezzar then approached the opening of the blazing furnace and shouted, “Shadrach, Meshach and Abednego, servants of the Most High God, come out! Come here!” So Shadrach, Meshach and Abednego came out of the fire,"
            },
            {
               "verse": "27",
               "text": "and the satraps, prefects, governors and royal advisers crowded around them. They saw that the fire had not harmed their bodies, nor was a hair of their heads singed; their robes were not scorched, and there was no smell of fire on them."
            },
            {
               "verse": "28",
               "text": "Then Nebuchadnezzar said, “Praise be to the God of Shadrach, Meshach and Abednego, who has sent his angel and rescued his servants! They trusted in him and defied the king`s command and were willing to give up their lives rather than serve or worship any god except their own God."
            },
            {
               "verse": "29",
               "text": "Therefore I decree that the people of any nation or language who say anything against the God of Shadrach, Meshach and Abednego be cut into pieces and their houses be turned into piles of rubble, for no other god can save in this way.”"
            },
            {
               "verse": "30",
               "text": "Then the king promoted Shadrach, Meshach and Abednego in the province of Babylon."
            }
         ]
      },
      {
         "chapter": "4",
         "verses": [
            {
               "verse": "1",
               "text": "King Nebuchadnezzar, To the nations and peoples of every language, who live in all the earth: May you prosper greatly!"
            },
            {
               "verse": "2",
               "text": "It is my pleasure to tell you about the miraculous signs and wonders that the Most High God has performed for me."
            },
            {
               "verse": "3",
               "text": "How great are his signs, how mighty his wonders! His kingdom is an eternal kingdom; his dominion endures from generation to generation."
            },
            {
               "verse": "4",
               "text": "I, Nebuchadnezzar, was at home in my palace, contented and prosperous."
            },
            {
               "verse": "5",
               "text": "I had a dream that made me afraid. As I was lying in bed, the images and visions that passed through my mind terrified me."
            },
            {
               "verse": "6",
               "text": "So I commanded that all the wise men of Babylon be brought before me to interpret the dream for me."
            },
            {
               "verse": "7",
               "text": "When the magicians, enchanters, astrologers and diviners came, I told them the dream, but they could not interpret it for me."
            },
            {
               "verse": "8",
               "text": "Finally, Daniel came into my presence and I told him the dream. (He is called Belteshazzar, after the name of my god, and the spirit of the holy gods is in him.)"
            },
            {
               "verse": "9",
               "text": "I said, “Belteshazzar, chief of the magicians, I know that the spirit of the holy gods is in you, and no mystery is too difficult for you. Here is my dream; interpret it for me."
            },
            {
               "verse": "10",
               "text": "These are the visions I saw while lying in bed: I looked, and there before me stood a tree in the middle of the land. Its height was enormous."
            },
            {
               "verse": "11",
               "text": "The tree grew large and strong and its top touched the sky; it was visible to the ends of the earth."
            },
            {
               "verse": "12",
               "text": "Its leaves were beautiful, its fruit abundant, and on it was food for all. Under it the wild animals found shelter, and the birds lived in its branches; from it every creature was fed."
            },
            {
               "verse": "13",
               "text": "“In the visions I saw while lying in bed, I looked, and there before me was a holy one, a messenger, coming down from heaven."
            },
            {
               "verse": "14",
               "text": "He called in a loud voice: ‘Cut down the tree and trim off its branches; strip off its leaves and scatter its fruit. Let the animals flee from under it and the birds from its branches."
            },
            {
               "verse": "15",
               "text": "But let the stump and its roots, bound with iron and bronze, remain in the ground, in the grass of the field. “‘Let him be drenched with the dew of heaven, and let him live with the animals among the plants of the earth."
            },
            {
               "verse": "16",
               "text": "Let his mind be changed from that of a man and let him be given the mind of an animal, till seven times pass by for him."
            },
            {
               "verse": "17",
               "text": "“‘The decision is announced by messengers, the holy ones declare the verdict, so that the living may know that the Most High is sovereign over all kingdoms on earth and gives them to anyone he wishes and sets over them the lowliest of people.`"
            },
            {
               "verse": "18",
               "text": "“This is the dream that I, King Nebuchadnezzar, had. Now, Belteshazzar, tell me what it means, for none of the wise men in my kingdom can interpret it for me. But you can, because the spirit of the holy gods is in you.”"
            },
            {
               "verse": "19",
               "text": "Then Daniel (also called Belteshazzar) was greatly perplexed for a time, and his thoughts terrified him. So the king said, “Belteshazzar, do not let the dream or its meaning alarm you.” Belteshazzar answered, “My lord, if only the dream applied to your enemies and its meaning to your adversaries!"
            },
            {
               "verse": "20",
               "text": "The tree you saw, which grew large and strong, with its top touching the sky, visible to the whole earth,"
            },
            {
               "verse": "21",
               "text": "with beautiful leaves and abundant fruit, providing food for all, giving shelter to the wild animals, and having nesting places in its branches for the birds—"
            },
            {
               "verse": "22",
               "text": "Your Majesty, you are that tree! You have become great and strong; your greatness has grown until it reaches the sky, and your dominion extends to distant parts of the earth."
            },
            {
               "verse": "23",
               "text": "“Your Majesty saw a holy one, a messenger, coming down from heaven and saying, ‘Cut down the tree and destroy it, but leave the stump, bound with iron and bronze, in the grass of the field, while its roots remain in the ground. Let him be drenched with the dew of heaven; let him live with the wild animals, until seven times pass by for him.`"
            },
            {
               "verse": "24",
               "text": "“This is the interpretation, Your Majesty, and this is the decree the Most High has issued against my lord the king:"
            },
            {
               "verse": "25",
               "text": "You will be driven away from people and will live with the wild animals; you will eat grass like the ox and be drenched with the dew of heaven. Seven times will pass by for you until you acknowledge that the Most High is sovereign over all kingdoms on earth and gives them to anyone he wishes."
            },
            {
               "verse": "26",
               "text": "The command to leave the stump of the tree with its roots means that your kingdom will be restored to you when you acknowledge that Heaven rules."
            },
            {
               "verse": "27",
               "text": "Therefore, Your Majesty, be pleased to accept my advice: Renounce your sins by doing what is right, and your wickedness by being kind to the oppressed. It may be that then your prosperity will continue.”"
            },
            {
               "verse": "28",
               "text": "All this happened to King Nebuchadnezzar."
            },
            {
               "verse": "29",
               "text": "Twelve months later, as the king was walking on the roof of the royal palace of Babylon,"
            },
            {
               "verse": "30",
               "text": "he said, “Is not this the great Babylon I have built as the royal residence, by my mighty power and for the glory of my majesty?”"
            },
            {
               "verse": "31",
               "text": "Even as the words were on his lips, a voice came from heaven, “This is what is decreed for you, King Nebuchadnezzar: Your royal authority has been taken from you."
            },
            {
               "verse": "32",
               "text": "You will be driven away from people and will live with the wild animals; you will eat grass like the ox. Seven times will pass by for you until you acknowledge that the Most High is sovereign over all kingdoms on earth and gives them to anyone he wishes.”"
            },
            {
               "verse": "33",
               "text": "Immediately what had been said about Nebuchadnezzar was fulfilled. He was driven away from people and ate grass like the ox. His body was drenched with the dew of heaven until his hair grew like the feathers of an eagle and his nails like the claws of a bird."
            },
            {
               "verse": "34",
               "text": "At the end of that time, I, Nebuchadnezzar, raised my eyes toward heaven, and my sanity was restored. Then I praised the Most High; I honored and glorified him who lives forever. His dominion is an eternal dominion; his kingdom endures from generation to generation."
            },
            {
               "verse": "35",
               "text": "All the peoples of the earth are regarded as nothing. He does as he pleases with the powers of heaven and the peoples of the earth. No one can hold back his hand or say to him: “What have you done?”"
            },
            {
               "verse": "36",
               "text": "At the same time that my sanity was restored, my honor and splendor were returned to me for the glory of my kingdom. My advisers and nobles sought me out, and I was restored to my throne and became even greater than before."
            },
            {
               "verse": "37",
               "text": "Now I, Nebuchadnezzar, praise and exalt and glorify the King of heaven, because everything he does is right and all his ways are just. And those who walk in pride he is able to humble."
            }
         ]
      },
      {
         "chapter": "5",
         "verses": [
            {
               "verse": "1",
               "text": "King Belshazzar gave a great banquet for a thousand of his nobles and drank wine with them."
            },
            {
               "verse": "2",
               "text": "While Belshazzar was drinking his wine, he gave orders to bring in the gold and silver goblets that Nebuchadnezzar his father had taken from the temple in Jerusalem, so that the king and his nobles, his wives and his concubines might drink from them."
            },
            {
               "verse": "3",
               "text": "So they brought in the gold goblets that had been taken from the temple of God in Jerusalem, and the king and his nobles, his wives and his concubines drank from them."
            },
            {
               "verse": "4",
               "text": "As they drank the wine, they praised the gods of gold and silver, of bronze, iron, wood and stone."
            },
            {
               "verse": "5",
               "text": "Suddenly the fingers of a human hand appeared and wrote on the plaster of the wall, near the lampstand in the royal palace. The king watched the hand as it wrote."
            },
            {
               "verse": "6",
               "text": "His face turned pale and he was so frightened that his legs became weak and his knees were knocking."
            },
            {
               "verse": "7",
               "text": "The king summoned the enchanters, astrologers and diviners. Then he said to these wise men of Babylon, “Whoever reads this writing and tells me what it means will be clothed in purple and have a gold chain placed around his neck, and he will be made the third highest ruler in the kingdom.”"
            },
            {
               "verse": "8",
               "text": "Then all the king`s wise men came in, but they could not read the writing or tell the king what it meant."
            },
            {
               "verse": "9",
               "text": "So King Belshazzar became even more terrified and his face grew more pale. His nobles were baffled."
            },
            {
               "verse": "10",
               "text": "The queen, hearing the voices of the king and his nobles, came into the banquet hall. “May the king live forever!” she said. “Don`t be alarmed! Don`t look so pale!"
            },
            {
               "verse": "11",
               "text": "There is a man in your kingdom who has the spirit of the holy gods in him. In the time of your father he was found to have insight and intelligence and wisdom like that of the gods. Your father, King Nebuchadnezzar, appointed him chief of the magicians, enchanters, astrologers and diviners."
            },
            {
               "verse": "12",
               "text": "He did this because Daniel, whom the king called Belteshazzar, was found to have a keen mind and knowledge and understanding, and also the ability to interpret dreams, explain riddles and solve difficult problems. Call for Daniel, and he will tell you what the writing means.”"
            },
            {
               "verse": "13",
               "text": "So Daniel was brought before the king, and the king said to him, “Are you Daniel, one of the exiles my father the king brought from Judah?"
            },
            {
               "verse": "14",
               "text": "I have heard that the spirit of the gods is in you and that you have insight, intelligence and outstanding wisdom."
            },
            {
               "verse": "15",
               "text": "The wise men and enchanters were brought before me to read this writing and tell me what it means, but they could not explain it."
            },
            {
               "verse": "16",
               "text": "Now I have heard that you are able to give interpretations and to solve difficult problems. If you can read this writing and tell me what it means, you will be clothed in purple and have a gold chain placed around your neck, and you will be made the third highest ruler in the kingdom.”"
            },
            {
               "verse": "17",
               "text": "Then Daniel answered the king, “You may keep your gifts for yourself and give your rewards to someone else. Nevertheless, I will read the writing for the king and tell him what it means."
            },
            {
               "verse": "18",
               "text": "“Your Majesty, the Most High God gave your father Nebuchadnezzar sovereignty and greatness and glory and splendor."
            },
            {
               "verse": "19",
               "text": "Because of the high position he gave him, all the nations and peoples of every language dreaded and feared him. Those the king wanted to put to death, he put to death; those he wanted to spare, he spared; those he wanted to promote, he promoted; and those he wanted to humble, he humbled."
            },
            {
               "verse": "20",
               "text": "But when his heart became arrogant and hardened with pride, he was deposed from his royal throne and stripped of his glory."
            },
            {
               "verse": "21",
               "text": "He was driven away from people and given the mind of an animal; he lived with the wild donkeys and ate grass like the ox; and his body was drenched with the dew of heaven, until he acknowledged that the Most High God is sovereign over all kingdoms on earth and sets over them anyone he wishes."
            },
            {
               "verse": "22",
               "text": "“But you, Belshazzar, his son, have not humbled yourself, though you knew all this."
            },
            {
               "verse": "23",
               "text": "Instead, you have set yourself up against the Lord of heaven. You had the goblets from his temple brought to you, and you and your nobles, your wives and your concubines drank wine from them. You praised the gods of silver and gold, of bronze, iron, wood and stone, which cannot see or hear or understand. But you did not honor the God who holds in his hand your life and all your ways."
            },
            {
               "verse": "24",
               "text": "Therefore he sent the hand that wrote the inscription."
            },
            {
               "verse": "25",
               "text": "“This is the inscription that was written: mene, mene, tekel, parsin"
            },
            {
               "verse": "26",
               "text": "“Here is what these words mean: Mene: God has numbered the days of your reign and brought it to an end."
            },
            {
               "verse": "27",
               "text": "Tekel: You have been weighed on the scales and found wanting."
            },
            {
               "verse": "28",
               "text": "Peres: Your kingdom is divided and given to the Medes and Persians.”"
            },
            {
               "verse": "29",
               "text": "Then at Belshazzar`s command, Daniel was clothed in purple, a gold chain was placed around his neck, and he was proclaimed the third highest ruler in the kingdom."
            },
            {
               "verse": "30",
               "text": "That very night Belshazzar, king of the Babylonians, was slain,"
            },
            {
               "verse": "31",
               "text": "and Darius the Mede took over the kingdom, at the age of sixty-two."
            }
         ]
      },
      {
         "chapter": "6",
         "verses": [
            {
               "verse": "1",
               "text": "It pleased Darius to appoint 120 satraps to rule throughout the kingdom,"
            },
            {
               "verse": "2",
               "text": "with three administrators over them, one of whom was Daniel. The satraps were made accountable to them so that the king might not suffer loss."
            },
            {
               "verse": "3",
               "text": "Now Daniel so distinguished himself among the administrators and the satraps by his exceptional qualities that the king planned to set him over the whole kingdom."
            },
            {
               "verse": "4",
               "text": "At this, the administrators and the satraps tried to find grounds for charges against Daniel in his conduct of government affairs, but they were unable to do so. They could find no corruption in him, because he was trustworthy and neither corrupt nor negligent."
            },
            {
               "verse": "5",
               "text": "Finally these men said, “We will never find any basis for charges against this man Daniel unless it has something to do with the law of his God.”"
            },
            {
               "verse": "6",
               "text": "So these administrators and satraps went as a group to the king and said: “May King Darius live forever!"
            },
            {
               "verse": "7",
               "text": "The royal administrators, prefects, satraps, advisers and governors have all agreed that the king should issue an edict and enforce the decree that anyone who prays to any god or human being during the next thirty days, except to you, Your Majesty, shall be thrown into the lions` den."
            },
            {
               "verse": "8",
               "text": "Now, Your Majesty, issue the decree and put it in writing so that it cannot be altered—in accordance with the law of the Medes and Persians, which cannot be repealed.”"
            },
            {
               "verse": "9",
               "text": "So King Darius put the decree in writing."
            },
            {
               "verse": "10",
               "text": "Now when Daniel learned that the decree had been published, he went home to his upstairs room where the windows opened toward Jerusalem. Three times a day he got down on his knees and prayed, giving thanks to his God, just as he had done before."
            },
            {
               "verse": "11",
               "text": "Then these men went as a group and found Daniel praying and asking God for help."
            },
            {
               "verse": "12",
               "text": "So they went to the king and spoke to him about his royal decree: “Did you not publish a decree that during the next thirty days anyone who prays to any god or human being except to you, Your Majesty, would be thrown into the lions` den?” The king answered, “The decree stands—in accordance with the law of the Medes and Persians, which cannot be repealed.”"
            },
            {
               "verse": "13",
               "text": "Then they said to the king, “Daniel, who is one of the exiles from Judah, pays no attention to you, Your Majesty, or to the decree you put in writing. He still prays three times a day.”"
            },
            {
               "verse": "14",
               "text": "When the king heard this, he was greatly distressed; he was determined to rescue Daniel and made every effort until sundown to save him."
            },
            {
               "verse": "15",
               "text": "Then the men went as a group to King Darius and said to him, “Remember, Your Majesty, that according to the law of the Medes and Persians no decree or edict that the king issues can be changed.”"
            },
            {
               "verse": "16",
               "text": "So the king gave the order, and they brought Daniel and threw him into the lions` den. The king said to Daniel, “May your God, whom you serve continually, rescue you!”"
            },
            {
               "verse": "17",
               "text": "A stone was brought and placed over the mouth of the den, and the king sealed it with his own signet ring and with the rings of his nobles, so that Daniel`s situation might not be changed."
            },
            {
               "verse": "18",
               "text": "Then the king returned to his palace and spent the night without eating and without any entertainment being brought to him. And he could not sleep."
            },
            {
               "verse": "19",
               "text": "At the first light of dawn, the king got up and hurried to the lions` den."
            },
            {
               "verse": "20",
               "text": "When he came near the den, he called to Daniel in an anguished voice, “Daniel, servant of the living God, has your God, whom you serve continually, been able to rescue you from the lions?”"
            },
            {
               "verse": "21",
               "text": "Daniel answered, “May the king live forever!"
            },
            {
               "verse": "22",
               "text": "My God sent his angel, and he shut the mouths of the lions. They have not hurt me, because I was found innocent in his sight. Nor have I ever done any wrong before you, Your Majesty.”"
            },
            {
               "verse": "23",
               "text": "The king was overjoyed and gave orders to lift Daniel out of the den. And when Daniel was lifted from the den, no wound was found on him, because he had trusted in his God."
            },
            {
               "verse": "24",
               "text": "At the king`s command, the men who had falsely accused Daniel were brought in and thrown into the lions` den, along with their wives and children. And before they reached the floor of the den, the lions overpowered them and crushed all their bones."
            },
            {
               "verse": "25",
               "text": "Then King Darius wrote to all the nations and peoples of every language in all the earth: “May you prosper greatly!"
            },
            {
               "verse": "26",
               "text": "“I issue a decree that in every part of my kingdom people must fear and reverence the God of Daniel. “For he is the living God and he endures forever; his kingdom will not be destroyed, his dominion will never end."
            },
            {
               "verse": "27",
               "text": "He rescues and he saves; he performs signs and wonders in the heavens and on the earth. He has rescued Daniel from the power of the lions.”"
            },
            {
               "verse": "28",
               "text": "So Daniel prospered during the reign of Darius and the reign of Cyrus the Persian."
            }
         ]
      },
      {
         "chapter": "7",
         "verses": [
            {
               "verse": "1",
               "text": "In the first year of Belshazzar king of Babylon, Daniel had a dream, and visions passed through his mind as he was lying in bed. He wrote down the substance of his dream."
            },
            {
               "verse": "2",
               "text": "Daniel said: “In my vision at night I looked, and there before me were the four winds of heaven churning up the great sea."
            },
            {
               "verse": "3",
               "text": "Four great beasts, each different from the others, came up out of the sea."
            },
            {
               "verse": "4",
               "text": "“The first was like a lion, and it had the wings of an eagle. I watched until its wings were torn off and it was lifted from the ground so that it stood on two feet like a human being, and the mind of a human was given to it."
            },
            {
               "verse": "5",
               "text": "“And there before me was a second beast, which looked like a bear. It was raised up on one of its sides, and it had three ribs in its mouth between its teeth. It was told, ‘Get up and eat your fill of flesh!`"
            },
            {
               "verse": "6",
               "text": "“After that, I looked, and there before me was another beast, one that looked like a leopard. And on its back it had four wings like those of a bird. This beast had four heads, and it was given authority to rule."
            },
            {
               "verse": "7",
               "text": "“After that, in my vision at night I looked, and there before me was a fourth beast—terrifying and frightening and very powerful. It had large iron teeth; it crushed and devoured its victims and trampled underfoot whatever was left. It was different from all the former beasts, and it had ten horns."
            },
            {
               "verse": "8",
               "text": "“While I was thinking about the horns, there before me was another horn, a little one, which came up among them; and three of the first horns were uprooted before it. This horn had eyes like the eyes of a human being and a mouth that spoke boastfully."
            },
            {
               "verse": "9",
               "text": "“As I looked, “thrones were set in place, and the Ancient of Days took his seat. His clothing was as white as snow; the hair of his head was white like wool. His throne was flaming with fire, and its wheels were all ablaze."
            },
            {
               "verse": "10",
               "text": "A river of fire was flowing, coming out from before him. Thousands upon thousands attended him; ten thousand times ten thousand stood before him. The court was seated, and the books were opened."
            },
            {
               "verse": "11",
               "text": "“Then I continued to watch because of the boastful words the horn was speaking. I kept looking until the beast was slain and its body destroyed and thrown into the blazing fire."
            },
            {
               "verse": "12",
               "text": "(The other beasts had been stripped of their authority, but were allowed to live for a period of time.)"
            },
            {
               "verse": "13",
               "text": "“In my vision at night I looked, and there before me was one like a son of man, coming with the clouds of heaven. He approached the Ancient of Days and was led into his presence."
            },
            {
               "verse": "14",
               "text": "He was given authority, glory and sovereign power; all nations and peoples of every language worshiped him. His dominion is an everlasting dominion that will not pass away, and his kingdom is one that will never be destroyed."
            },
            {
               "verse": "15",
               "text": "“I, Daniel, was troubled in spirit, and the visions that passed through my mind disturbed me."
            },
            {
               "verse": "16",
               "text": "I approached one of those standing there and asked him the meaning of all this. “So he told me and gave me the interpretation of these things:"
            },
            {
               "verse": "17",
               "text": "‘The four great beasts are four kings that will rise from the earth."
            },
            {
               "verse": "18",
               "text": "But the holy people of the Most High will receive the kingdom and will possess it forever—yes, for ever and ever.`"
            },
            {
               "verse": "19",
               "text": "“Then I wanted to know the meaning of the fourth beast, which was different from all the others and most terrifying, with its iron teeth and bronze claws—the beast that crushed and devoured its victims and trampled underfoot whatever was left."
            },
            {
               "verse": "20",
               "text": "I also wanted to know about the ten horns on its head and about the other horn that came up, before which three of them fell—the horn that looked more imposing than the others and that had eyes and a mouth that spoke boastfully."
            },
            {
               "verse": "21",
               "text": "As I watched, this horn was waging war against the holy people and defeating them,"
            },
            {
               "verse": "22",
               "text": "until the Ancient of Days came and pronounced judgment in favor of the holy people of the Most High, and the time came when they possessed the kingdom."
            },
            {
               "verse": "23",
               "text": "“He gave me this explanation: ‘The fourth beast is a fourth kingdom that will appear on earth. It will be different from all the other kingdoms and will devour the whole earth, trampling it down and crushing it."
            },
            {
               "verse": "24",
               "text": "The ten horns are ten kings who will come from this kingdom. After them another king will arise, different from the earlier ones; he will subdue three kings."
            },
            {
               "verse": "25",
               "text": "He will speak against the Most High and oppress his holy people and try to change the set times and the laws. The holy people will be delivered into his hands for a time, times and half a time."
            },
            {
               "verse": "26",
               "text": "“‘But the court will sit, and his power will be taken away and completely destroyed forever."
            },
            {
               "verse": "27",
               "text": "Then the sovereignty, power and greatness of all the kingdoms under heaven will be handed over to the holy people of the Most High. His kingdom will be an everlasting kingdom, and all rulers will worship and obey him.`"
            },
            {
               "verse": "28",
               "text": "“This is the end of the matter. I, Daniel, was deeply troubled by my thoughts, and my face turned pale, but I kept the matter to myself.”"
            }
         ]
      },
      {
         "chapter": "8",
         "verses": [
            {
               "verse": "1",
               "text": "In the third year of King Belshazzar`s reign, I, Daniel, had a vision, after the one that had already appeared to me."
            },
            {
               "verse": "2",
               "text": "In my vision I saw myself in the citadel of Susa in the province of Elam; in the vision I was beside the Ulai Canal."
            },
            {
               "verse": "3",
               "text": "I looked up, and there before me was a ram with two horns, standing beside the canal, and the horns were long. One of the horns was longer than the other but grew up later."
            },
            {
               "verse": "4",
               "text": "I watched the ram as it charged toward the west and the north and the south. No animal could stand against it, and none could rescue from its power. It did as it pleased and became great."
            },
            {
               "verse": "5",
               "text": "As I was thinking about this, suddenly a goat with a prominent horn between its eyes came from the west, crossing the whole earth without touching the ground."
            },
            {
               "verse": "6",
               "text": "It came toward the two-horned ram I had seen standing beside the canal and charged at it in great rage."
            },
            {
               "verse": "7",
               "text": "I saw it attack the ram furiously, striking the ram and shattering its two horns. The ram was powerless to stand against it; the goat knocked it to the ground and trampled on it, and none could rescue the ram from its power."
            },
            {
               "verse": "8",
               "text": "The goat became very great, but at the height of its power the large horn was broken off, and in its place four prominent horns grew up toward the four winds of heaven."
            },
            {
               "verse": "9",
               "text": "Out of one of them came another horn, which started small but grew in power to the south and to the east and toward the Beautiful Land."
            },
            {
               "verse": "10",
               "text": "It grew until it reached the host of the heavens, and it threw some of the starry host down to the earth and trampled on them."
            },
            {
               "verse": "11",
               "text": "It set itself up to be as great as the commander of the army of the Lord; it took away the daily sacrifice from the Lord, and his sanctuary was thrown down."
            },
            {
               "verse": "12",
               "text": "Because of rebellion, the Lord`s people and the daily sacrifice were given over to it. It prospered in everything it did, and truth was thrown to the ground."
            },
            {
               "verse": "13",
               "text": "Then I heard a holy one speaking, and another holy one said to him, “How long will it take for the vision to be fulfilled—the vision concerning the daily sacrifice, the rebellion that causes desolation, the surrender of the sanctuary and the trampling underfoot of the Lord`s people?”"
            },
            {
               "verse": "14",
               "text": "He said to me, “It will take 2,300 evenings and mornings; then the sanctuary will be reconsecrated.”"
            },
            {
               "verse": "15",
               "text": "While I, Daniel, was watching the vision and trying to understand it, there before me stood one who looked like a man."
            },
            {
               "verse": "16",
               "text": "And I heard a man`s voice from the Ulai calling, “Gabriel, tell this man the meaning of the vision.”"
            },
            {
               "verse": "17",
               "text": "As he came near the place where I was standing, I was terrified and fell prostrate. “Son of man,” he said to me, “understand that the vision concerns the time of the end.”"
            },
            {
               "verse": "18",
               "text": "While he was speaking to me, I was in a deep sleep, with my face to the ground. Then he touched me and raised me to my feet."
            },
            {
               "verse": "19",
               "text": "He said: “I am going to tell you what will happen later in the time of wrath, because the vision concerns the appointed time of the end."
            },
            {
               "verse": "20",
               "text": "The two-horned ram that you saw represents the kings of Media and Persia."
            },
            {
               "verse": "21",
               "text": "The shaggy goat is the king of Greece, and the large horn between its eyes is the first king."
            },
            {
               "verse": "22",
               "text": "The four horns that replaced the one that was broken off represent four kingdoms that will emerge from his nation but will not have the same power."
            },
            {
               "verse": "23",
               "text": "“In the latter part of their reign, when rebels have become completely wicked, a fierce-looking king, a master of intrigue, will arise."
            },
            {
               "verse": "24",
               "text": "He will become very strong, but not by his own power. He will cause astounding devastation and will succeed in whatever he does. He will destroy those who are mighty, the holy people."
            },
            {
               "verse": "25",
               "text": "He will cause deceit to prosper, and he will consider himself superior. When they feel secure, he will destroy many and take his stand against the Prince of princes. Yet he will be destroyed, but not by human power."
            },
            {
               "verse": "26",
               "text": "“The vision of the evenings and mornings that has been given you is true, but seal up the vision, for it concerns the distant future.”"
            },
            {
               "verse": "27",
               "text": "I, Daniel, was worn out. I lay exhausted for several days. Then I got up and went about the king`s business. I was appalled by the vision; it was beyond understanding."
            }
         ]
      },
      {
         "chapter": "9",
         "verses": [
            {
               "verse": "1",
               "text": "In the first year of Darius son of Xerxes (a Mede by descent), who was made ruler over the Babylonian kingdom—"
            },
            {
               "verse": "2",
               "text": "in the first year of his reign, I, Daniel, understood from the Scriptures, according to the word of the Lord given to Jeremiah the prophet, that the desolation of Jerusalem would last seventy years."
            },
            {
               "verse": "3",
               "text": "So I turned to the Lord God and pleaded with him in prayer and petition, in fasting, and in sackcloth and ashes."
            },
            {
               "verse": "4",
               "text": "I prayed to the Lord my God and confessed: “Lord, the great and awesome God, who keeps his covenant of love with those who love him and keep his commandments,"
            },
            {
               "verse": "5",
               "text": "we have sinned and done wrong. We have been wicked and have rebelled; we have turned away from your commands and laws."
            },
            {
               "verse": "6",
               "text": "We have not listened to your servants the prophets, who spoke in your name to our kings, our princes and our ancestors, and to all the people of the land."
            },
            {
               "verse": "7",
               "text": "“Lord, you are righteous, but this day we are covered with shame—the people of Judah and the inhabitants of Jerusalem and all Israel, both near and far, in all the countries where you have scattered us because of our unfaithfulness to you."
            },
            {
               "verse": "8",
               "text": "We and our kings, our princes and our ancestors are covered with shame, Lord, because we have sinned against you."
            },
            {
               "verse": "9",
               "text": "The Lord our God is merciful and forgiving, even though we have rebelled against him;"
            },
            {
               "verse": "10",
               "text": "we have not obeyed the Lord our God or kept the laws he gave us through his servants the prophets."
            },
            {
               "verse": "11",
               "text": "All Israel has transgressed your law and turned away, refusing to obey you. “Therefore the curses and sworn judgments written in the Law of Moses, the servant of God, have been poured out on us, because we have sinned against you."
            },
            {
               "verse": "12",
               "text": "You have fulfilled the words spoken against us and against our rulers by bringing on us great disaster. Under the whole heaven nothing has ever been done like what has been done to Jerusalem."
            },
            {
               "verse": "13",
               "text": "Just as it is written in the Law of Moses, all this disaster has come on us, yet we have not sought the favor of the Lord our God by turning from our sins and giving attention to your truth."
            },
            {
               "verse": "14",
               "text": "The Lord did not hesitate to bring the disaster on us, for the Lord our God is righteous in everything he does; yet we have not obeyed him."
            },
            {
               "verse": "15",
               "text": "“Now, Lord our God, who brought your people out of Egypt with a mighty hand and who made for yourself a name that endures to this day, we have sinned, we have done wrong."
            },
            {
               "verse": "16",
               "text": "Lord, in keeping with all your righteous acts, turn away your anger and your wrath from Jerusalem, your city, your holy hill. Our sins and the iniquities of our ancestors have made Jerusalem and your people an object of scorn to all those around us."
            },
            {
               "verse": "17",
               "text": "“Now, our God, hear the prayers and petitions of your servant. For your sake, Lord, look with favor on your desolate sanctuary."
            },
            {
               "verse": "18",
               "text": "Give ear, our God, and hear; open your eyes and see the desolation of the city that bears your Name. We do not make requests of you because we are righteous, but because of your great mercy."
            },
            {
               "verse": "19",
               "text": "Lord, listen! Lord, forgive! Lord, hear and act! For your sake, my God, do not delay, because your city and your people bear your Name.”"
            },
            {
               "verse": "20",
               "text": "While I was speaking and praying, confessing my sin and the sin of my people Israel and making my request to the Lord my God for his holy hill—"
            },
            {
               "verse": "21",
               "text": "while I was still in prayer, Gabriel, the man I had seen in the earlier vision, came to me in swift flight about the time of the evening sacrifice."
            },
            {
               "verse": "22",
               "text": "He instructed me and said to me, “Daniel, I have now come to give you insight and understanding."
            },
            {
               "verse": "23",
               "text": "As soon as you began to pray, a word went out, which I have come to tell you, for you are highly esteemed. Therefore, consider the word and understand the vision:"
            },
            {
               "verse": "24",
               "text": "“Seventy ‘sevens` are decreed for your people and your holy city to finish transgression, to put an end to sin, to atone for wickedness, to bring in everlasting righteousness, to seal up vision and prophecy and to anoint the Most Holy Place."
            },
            {
               "verse": "25",
               "text": "“Know and understand this: From the time the word goes out to restore and rebuild Jerusalem until the Anointed One, the ruler, comes, there will be seven ‘sevens,` and sixty-two ‘sevens.` It will be rebuilt with streets and a trench, but in times of trouble."
            },
            {
               "verse": "26",
               "text": "After the sixty-two ‘sevens,` the Anointed One will be put to death and will have nothing. The people of the ruler who will come will destroy the city and the sanctuary. The end will come like a flood: War will continue until the end, and desolations have been decreed."
            },
            {
               "verse": "27",
               "text": "He will confirm a covenant with many for one ‘seven.` In the middle of the ‘seven` he will put an end to sacrifice and offering. And at the temple he will set up an abomination that causes desolation, until the end that is decreed is poured out on him.”"
            }
         ]
      },
      {
         "chapter": "10",
         "verses": [
            {
               "verse": "1",
               "text": "In the third year of Cyrus king of Persia, a revelation was given to Daniel (who was called Belteshazzar). Its message was true and it concerned a great war. The understanding of the message came to him in a vision."
            },
            {
               "verse": "2",
               "text": "At that time I, Daniel, mourned for three weeks."
            },
            {
               "verse": "3",
               "text": "I ate no choice food; no meat or wine touched my lips; and I used no lotions at all until the three weeks were over."
            },
            {
               "verse": "4",
               "text": "On the twenty-fourth day of the first month, as I was standing on the bank of the great river, the Tigris,"
            },
            {
               "verse": "5",
               "text": "I looked up and there before me was a man dressed in linen, with a belt of fine gold from Uphaz around his waist."
            },
            {
               "verse": "6",
               "text": "His body was like topaz, his face like lightning, his eyes like flaming torches, his arms and legs like the gleam of burnished bronze, and his voice like the sound of a multitude."
            },
            {
               "verse": "7",
               "text": "I, Daniel, was the only one who saw the vision; those who were with me did not see it, but such terror overwhelmed them that they fled and hid themselves."
            },
            {
               "verse": "8",
               "text": "So I was left alone, gazing at this great vision; I had no strength left, my face turned deathly pale and I was helpless."
            },
            {
               "verse": "9",
               "text": "Then I heard him speaking, and as I listened to him, I fell into a deep sleep, my face to the ground."
            },
            {
               "verse": "10",
               "text": "A hand touched me and set me trembling on my hands and knees."
            },
            {
               "verse": "11",
               "text": "He said, “Daniel, you who are highly esteemed, consider carefully the words I am about to speak to you, and stand up, for I have now been sent to you.” And when he said this to me, I stood up trembling."
            },
            {
               "verse": "12",
               "text": "Then he continued, “Do not be afraid, Daniel. Since the first day that you set your mind to gain understanding and to humble yourself before your God, your words were heard, and I have come in response to them."
            },
            {
               "verse": "13",
               "text": "But the prince of the Persian kingdom resisted me twenty-one days. Then Michael, one of the chief princes, came to help me, because I was detained there with the king of Persia."
            },
            {
               "verse": "14",
               "text": "Now I have come to explain to you what will happen to your people in the future, for the vision concerns a time yet to come.”"
            },
            {
               "verse": "15",
               "text": "While he was saying this to me, I bowed with my face toward the ground and was speechless."
            },
            {
               "verse": "16",
               "text": "Then one who looked like a man touched my lips, and I opened my mouth and began to speak. I said to the one standing before me, “I am overcome with anguish because of the vision, my lord, and I feel very weak."
            },
            {
               "verse": "17",
               "text": "How can I, your servant, talk with you, my lord? My strength is gone and I can hardly breathe.”"
            },
            {
               "verse": "18",
               "text": "Again the one who looked like a man touched me and gave me strength."
            },
            {
               "verse": "19",
               "text": "“Do not be afraid, you who are highly esteemed,” he said. “Peace! Be strong now; be strong.” When he spoke to me, I was strengthened and said, “Speak, my lord, since you have given me strength.”"
            },
            {
               "verse": "20",
               "text": "So he said, “Do you know why I have come to you? Soon I will return to fight against the prince of Persia, and when I go, the prince of Greece will come;"
            },
            {
               "verse": "21",
               "text": "but first I will tell you what is written in the Book of Truth. (No one supports me against them except Michael, your prince."
            }
         ]
      },
      {
         "chapter": "11",
         "verses": [
            {
               "verse": "1",
               "text": "And in the first year of Darius the Mede, I took my stand to support and protect him.)"
            },
            {
               "verse": "2",
               "text": "“Now then, I tell you the truth: Three more kings will arise in Persia, and then a fourth, who will be far richer than all the others. When he has gained power by his wealth, he will stir up everyone against the kingdom of Greece."
            },
            {
               "verse": "3",
               "text": "Then a mighty king will arise, who will rule with great power and do as he pleases."
            },
            {
               "verse": "4",
               "text": "After he has arisen, his empire will be broken up and parceled out toward the four winds of heaven. It will not go to his descendants, nor will it have the power he exercised, because his empire will be uprooted and given to others."
            },
            {
               "verse": "5",
               "text": "“The king of the South will become strong, but one of his commanders will become even stronger than he and will rule his own kingdom with great power."
            },
            {
               "verse": "6",
               "text": "After some years, they will become allies. The daughter of the king of the South will go to the king of the North to make an alliance, but she will not retain her power, and he and his power will not last. In those days she will be betrayed, together with her royal escort and her father and the one who supported her."
            },
            {
               "verse": "7",
               "text": "“One from her family line will arise to take her place. He will attack the forces of the king of the North and enter his fortress; he will fight against them and be victorious."
            },
            {
               "verse": "8",
               "text": "He will also seize their gods, their metal images and their valuable articles of silver and gold and carry them off to Egypt. For some years he will leave the king of the North alone."
            },
            {
               "verse": "9",
               "text": "Then the king of the North will invade the realm of the king of the South but will retreat to his own country."
            },
            {
               "verse": "10",
               "text": "His sons will prepare for war and assemble a great army, which will sweep on like an irresistible flood and carry the battle as far as his fortress."
            },
            {
               "verse": "11",
               "text": "“Then the king of the South will march out in a rage and fight against the king of the North, who will raise a large army, but it will be defeated."
            },
            {
               "verse": "12",
               "text": "When the army is carried off, the king of the South will be filled with pride and will slaughter many thousands, yet he will not remain triumphant."
            },
            {
               "verse": "13",
               "text": "For the king of the North will muster another army, larger than the first; and after several years, he will advance with a huge army fully equipped."
            },
            {
               "verse": "14",
               "text": "“In those times many will rise against the king of the South. Those who are violent among your own people will rebel in fulfillment of the vision, but without success."
            },
            {
               "verse": "15",
               "text": "Then the king of the North will come and build up siege ramps and will capture a fortified city. The forces of the South will be powerless to resist; even their best troops will not have the strength to stand."
            },
            {
               "verse": "16",
               "text": "The invader will do as he pleases; no one will be able to stand against him. He will establish himself in the Beautiful Land and will have the power to destroy it."
            },
            {
               "verse": "17",
               "text": "He will determine to come with the might of his entire kingdom and will make an alliance with the king of the South. And he will give him a daughter in marriage in order to overthrow the kingdom, but his plans will not succeed or help him."
            },
            {
               "verse": "18",
               "text": "Then he will turn his attention to the coastlands and will take many of them, but a commander will put an end to his insolence and will turn his insolence back on him."
            },
            {
               "verse": "19",
               "text": "After this, he will turn back toward the fortresses of his own country but will stumble and fall, to be seen no more."
            },
            {
               "verse": "20",
               "text": "“His successor will send out a tax collector to maintain the royal splendor. In a few years, however, he will be destroyed, yet not in anger or in battle."
            },
            {
               "verse": "21",
               "text": "“He will be succeeded by a contemptible person who has not been given the honor of royalty. He will invade the kingdom when its people feel secure, and he will seize it through intrigue."
            },
            {
               "verse": "22",
               "text": "Then an overwhelming army will be swept away before him; both it and a prince of the covenant will be destroyed."
            },
            {
               "verse": "23",
               "text": "After coming to an agreement with him, he will act deceitfully, and with only a few people he will rise to power."
            },
            {
               "verse": "24",
               "text": "When the richest provinces feel secure, he will invade them and will achieve what neither his fathers nor his forefathers did. He will distribute plunder, loot and wealth among his followers. He will plot the overthrow of fortresses—but only for a time."
            },
            {
               "verse": "25",
               "text": "“With a large army he will stir up his strength and courage against the king of the South. The king of the South will wage war with a large and very powerful army, but he will not be able to stand because of the plots devised against him."
            },
            {
               "verse": "26",
               "text": "Those who eat from the king`s provisions will try to destroy him; his army will be swept away, and many will fall in battle."
            },
            {
               "verse": "27",
               "text": "The two kings, with their hearts bent on evil, will sit at the same table and lie to each other, but to no avail, because an end will still come at the appointed time."
            },
            {
               "verse": "28",
               "text": "The king of the North will return to his own country with great wealth, but his heart will be set against the holy covenant. He will take action against it and then return to his own country."
            },
            {
               "verse": "29",
               "text": "“At the appointed time he will invade the South again, but this time the outcome will be different from what it was before."
            },
            {
               "verse": "30",
               "text": "Ships of the western coastlands will oppose him, and he will lose heart. Then he will turn back and vent his fury against the holy covenant. He will return and show favor to those who forsake the holy covenant."
            },
            {
               "verse": "31",
               "text": "“His armed forces will rise up to desecrate the temple fortress and will abolish the daily sacrifice. Then they will set up the abomination that causes desolation."
            },
            {
               "verse": "32",
               "text": "With flattery he will corrupt those who have violated the covenant, but the people who know their God will firmly resist him."
            },
            {
               "verse": "33",
               "text": "“Those who are wise will instruct many, though for a time they will fall by the sword or be burned or captured or plundered."
            },
            {
               "verse": "34",
               "text": "When they fall, they will receive a little help, and many who are not sincere will join them."
            },
            {
               "verse": "35",
               "text": "Some of the wise will stumble, so that they may be refined, purified and made spotless until the time of the end, for it will still come at the appointed time."
            },
            {
               "verse": "36",
               "text": "“The king will do as he pleases. He will exalt and magnify himself above every god and will say unheard-of things against the God of gods. He will be successful until the time of wrath is completed, for what has been determined must take place."
            },
            {
               "verse": "37",
               "text": "He will show no regard for the gods of his ancestors or for the one desired by women, nor will he regard any god, but will exalt himself above them all."
            },
            {
               "verse": "38",
               "text": "Instead of them, he will honor a god of fortresses; a god unknown to his ancestors he will honor with gold and silver, with precious stones and costly gifts."
            },
            {
               "verse": "39",
               "text": "He will attack the mightiest fortresses with the help of a foreign god and will greatly honor those who acknowledge him. He will make them rulers over many people and will distribute the land at a price."
            },
            {
               "verse": "40",
               "text": "“At the time of the end the king of the South will engage him in battle, and the king of the North will storm out against him with chariots and cavalry and a great fleet of ships. He will invade many countries and sweep through them like a flood."
            },
            {
               "verse": "41",
               "text": "He will also invade the Beautiful Land. Many countries will fall, but Edom, Moab and the leaders of Ammon will be delivered from his hand."
            },
            {
               "verse": "42",
               "text": "He will extend his power over many countries; Egypt will not escape."
            },
            {
               "verse": "43",
               "text": "He will gain control of the treasures of gold and silver and all the riches of Egypt, with the Libyans and Cushites in submission."
            },
            {
               "verse": "44",
               "text": "But reports from the east and the north will alarm him, and he will set out in a great rage to destroy and annihilate many."
            },
            {
               "verse": "45",
               "text": "He will pitch his royal tents between the seas at the beautiful holy mountain. Yet he will come to his end, and no one will help him."
            }
         ]
      },
      {
         "chapter": "12",
         "verses": [
            {
               "verse": "1",
               "text": "“At that time Michael, the great prince who protects your people, will arise. There will be a time of distress such as has not happened from the beginning of nations until then. But at that time your people—everyone whose name is found written in the book—will be delivered."
            },
            {
               "verse": "2",
               "text": "Multitudes who sleep in the dust of the earth will awake: some to everlasting life, others to shame and everlasting contempt."
            },
            {
               "verse": "3",
               "text": "Those who are wise will shine like the brightness of the heavens, and those who lead many to righteousness, like the stars for ever and ever."
            },
            {
               "verse": "4",
               "text": "But you, Daniel, roll up and seal the words of the scroll until the time of the end. Many will go here and there to increase knowledge.”"
            },
            {
               "verse": "5",
               "text": "Then I, Daniel, looked, and there before me stood two others, one on this bank of the river and one on the opposite bank."
            },
            {
               "verse": "6",
               "text": "One of them said to the man clothed in linen, who was above the waters of the river, “How long will it be before these astonishing things are fulfilled?”"
            },
            {
               "verse": "7",
               "text": "The man clothed in linen, who was above the waters of the river, lifted his right hand and his left hand toward heaven, and I heard him swear by him who lives forever, saying, “It will be for a time, times and half a time. When the power of the holy people has been finally broken, all these things will be completed.”"
            },
            {
               "verse": "8",
               "text": "I heard, but I did not understand. So I asked, “My lord, what will the outcome of all this be?”"
            },
            {
               "verse": "9",
               "text": "He replied, “Go your way, Daniel, because the words are rolled up and sealed until the time of the end."
            },
            {
               "verse": "10",
               "text": "Many will be purified, made spotless and refined, but the wicked will continue to be wicked. None of the wicked will understand, but those who are wise will understand."
            },
            {
               "verse": "11",
               "text": "“From the time that the daily sacrifice is abolished and the abomination that causes desolation is set up, there will be 1,290 days."
            },
            {
               "verse": "12",
               "text": "Blessed is the one who waits for and reaches the end of the 1,335 days."
            },
            {
               "verse": "13",
               "text": "“As for you, go your way till the end. You will rest, and then at the end of the days you will rise to receive your allotted inheritance.”"
            }
         ]
      }
   ]
}