{
   "book": "Ezra",
   "count": 10,
   "chapters": [
      {
         "chapter": "1",
         "verses": [
            {
               "verse": "1",
               "text": "In the first year of Cyrus king of Persia, in order to fulfill the word of the Lord spoken by Jeremiah, the Lord moved the heart of Cyrus king of Persia to make a proclamation throughout his realm and also to put it in writing:"
            },
            {
               "verse": "2",
               "text": "“This is what Cyrus king of Persia says: “‘The Lord, the God of heaven, has given me all the kingdoms of the earth and he has appointed me to build a temple for him at Jerusalem in Judah."
            },
            {
               "verse": "3",
               "text": "Any of his people among you may go up to Jerusalem in Judah and build the temple of the Lord, the God of Israel, the God who is in Jerusalem, and may their God be with them."
            },
            {
               "verse": "4",
               "text": "And in any locality where survivors may now be living, the people are to provide them with silver and gold, with goods and livestock, and with freewill offerings for the temple of God in Jerusalem.`”"
            },
            {
               "verse": "5",
               "text": "Then the family heads of Judah and Benjamin, and the priests and Levites—everyone whose heart God had moved—prepared to go up and build the house of the Lord in Jerusalem."
            },
            {
               "verse": "6",
               "text": "All their neighbors assisted them with articles of silver and gold, with goods and livestock, and with valuable gifts, in addition to all the freewill offerings."
            },
            {
               "verse": "7",
               "text": "Moreover, King Cyrus brought out the articles belonging to the temple of the Lord, which Nebuchadnezzar had carried away from Jerusalem and had placed in the temple of his god."
            },
            {
               "verse": "8",
               "text": "Cyrus king of Persia had them brought by Mithredath the treasurer, who counted them out to Sheshbazzar the prince of Judah."
            },
            {
               "verse": "9",
               "text": "This was the inventory:gold dishes 30silver dishes 1,000silver pans 29"
            },
            {
               "verse": "10",
               "text": "gold bowls 30matching silver bowls 410other articles 1,000"
            },
            {
               "verse": "11",
               "text": "In all, there were 5,400 articles of gold and of silver. Sheshbazzar brought all these along with the exiles when they came up from Babylon to Jerusalem."
            }
         ]
      },
      {
         "chapter": "2",
         "verses": [
            {
               "verse": "1",
               "text": "Now these are the people of the province who came up from the captivity of the exiles, whom Nebuchadnezzar king of Babylon had taken captive to Babylon (they returned to Jerusalem and Judah, each to their own town,"
            },
            {
               "verse": "2",
               "text": "in company with Zerubbabel, Joshua, Nehemiah, Seraiah, Reelaiah, Mordecai, Bilshan, Mispar, Bigvai, Rehum and Baanah): The list of the men of the people of Israel:"
            },
            {
               "verse": "3",
               "text": "the descendants of Parosh 2,172"
            },
            {
               "verse": "4",
               "text": "of Shephatiah 372"
            },
            {
               "verse": "5",
               "text": "of Arah 775"
            },
            {
               "verse": "6",
               "text": "of Pahath-Moab (through the line of Jeshua and Joab) 2,812"
            },
            {
               "verse": "7",
               "text": "of Elam 1,254"
            },
            {
               "verse": "8",
               "text": "of Zattu 945"
            },
            {
               "verse": "9",
               "text": "of Zakkai 760"
            },
            {
               "verse": "10",
               "text": "of Bani 642"
            },
            {
               "verse": "11",
               "text": "of Bebai 623"
            },
            {
               "verse": "12",
               "text": "of Azgad 1,222"
            },
            {
               "verse": "13",
               "text": "of Adonikam 666"
            },
            {
               "verse": "14",
               "text": "of Bigvai 2,056"
            },
            {
               "verse": "15",
               "text": "of Adin 454"
            },
            {
               "verse": "16",
               "text": "of Ater (through Hezekiah) 98"
            },
            {
               "verse": "17",
               "text": "of Bezai 323"
            },
            {
               "verse": "18",
               "text": "of Jorah 112"
            },
            {
               "verse": "19",
               "text": "of Hashum 223"
            },
            {
               "verse": "20",
               "text": "of Gibbar 95"
            },
            {
               "verse": "21",
               "text": "the men of Bethlehem 123"
            },
            {
               "verse": "22",
               "text": "of Netophah 56"
            },
            {
               "verse": "23",
               "text": "of Anathoth 128"
            },
            {
               "verse": "24",
               "text": "of Azmaveth 42"
            },
            {
               "verse": "25",
               "text": "of Kiriath Jearim, Kephirah and Beeroth 743"
            },
            {
               "verse": "26",
               "text": "of Ramah and Geba 621"
            },
            {
               "verse": "27",
               "text": "of Mikmash 122"
            },
            {
               "verse": "28",
               "text": "of Bethel and Ai 223"
            },
            {
               "verse": "29",
               "text": "of Nebo 52"
            },
            {
               "verse": "30",
               "text": "of Magbish 156"
            },
            {
               "verse": "31",
               "text": "of the other Elam 1,254"
            },
            {
               "verse": "32",
               "text": "of Harim 320"
            },
            {
               "verse": "33",
               "text": "of Lod, Hadid and Ono 725"
            },
            {
               "verse": "34",
               "text": "of Jericho 345"
            },
            {
               "verse": "35",
               "text": "of Senaah 3,630"
            },
            {
               "verse": "36",
               "text": "The priests:the descendants of Jedaiah (through the family of Jeshua) 973"
            },
            {
               "verse": "37",
               "text": "of Immer 1,052"
            },
            {
               "verse": "38",
               "text": "of Pashhur 1,247"
            },
            {
               "verse": "39",
               "text": "of Harim 1,017"
            },
            {
               "verse": "40",
               "text": "The Levites:the descendants of Jeshua and Kadmiel (of the line of Hodaviah) 74"
            },
            {
               "verse": "41",
               "text": "The musicians:the descendants of Asaph 128"
            },
            {
               "verse": "42",
               "text": "The gatekeepers of the temple:the descendants of Shallum, Ater, Talmon,Akkub, Hatita and Shobai 139"
            },
            {
               "verse": "43",
               "text": "The temple servants:the descendants of Ziha, Hasupha, Tabbaoth,"
            },
            {
               "verse": "44",
               "text": "Keros, Siaha, Padon,"
            },
            {
               "verse": "45",
               "text": "Lebanah, Hagabah, Akkub,"
            },
            {
               "verse": "46",
               "text": "Hagab, Shalmai, Hanan,"
            },
            {
               "verse": "47",
               "text": "Giddel, Gahar, Reaiah,"
            },
            {
               "verse": "48",
               "text": "Rezin, Nekoda, Gazzam,"
            },
            {
               "verse": "49",
               "text": "Uzza, Paseah, Besai,"
            },
            {
               "verse": "50",
               "text": "Asnah, Meunim, Nephusim,"
            },
            {
               "verse": "51",
               "text": "Bakbuk, Hakupha, Harhur,"
            },
            {
               "verse": "52",
               "text": "Bazluth, Mehida, Harsha,"
            },
            {
               "verse": "53",
               "text": "Barkos, Sisera, Temah,"
            },
            {
               "verse": "54",
               "text": "Neziah and Hatipha"
            },
            {
               "verse": "55",
               "text": "The descendants of the servants of Solomon:the descendants ofSotai, Hassophereth, Peruda,"
            },
            {
               "verse": "56",
               "text": "Jaala, Darkon, Giddel,"
            },
            {
               "verse": "57",
               "text": "Shephatiah, Hattil, Pokereth-Hazzebaim and Ami"
            },
            {
               "verse": "58",
               "text": "The temple servants and the descendants of the servants of Solomon 392"
            },
            {
               "verse": "59",
               "text": "The following came up from the towns of Tel Melah, Tel Harsha, Kerub, Addon and Immer, but they could not show that their families were descended from Israel:"
            },
            {
               "verse": "60",
               "text": "The descendants of Delaiah, Tobiah and Nekoda652"
            },
            {
               "verse": "61",
               "text": "And from among the priests:The descendants ofHobaiah, Hakkoz and Barzillai (a man who had married a daughter of Barzillai the Gileadite and was called by that name)."
            },
            {
               "verse": "62",
               "text": "These searched for their family records, but they could not find them and so were excluded from the priesthood as unclean."
            },
            {
               "verse": "63",
               "text": "The governor ordered them not to eat any of the most sacred food until there was a priest ministering with the Urim and Thummim."
            },
            {
               "verse": "64",
               "text": "The whole company numbered 42,360,"
            },
            {
               "verse": "65",
               "text": "besides their 7,337 male and female slaves; and they also had 200 male and female singers."
            },
            {
               "verse": "66",
               "text": "They had 736 horses, 245 mules,"
            },
            {
               "verse": "67",
               "text": "435 camels and 6,720 donkeys."
            },
            {
               "verse": "68",
               "text": "When they arrived at the house of the Lord in Jerusalem, some of the heads of the families gave freewill offerings toward the rebuilding of the house of God on its site."
            },
            {
               "verse": "69",
               "text": "According to their ability they gave to the treasury for this work 61,000 darics of gold, 5,000 minas of silver and 100 priestly garments."
            },
            {
               "verse": "70",
               "text": "The priests, the Levites, the musicians, the gatekeepers and the temple servants settled in their own towns, along with some of the other people, and the rest of the Israelites settled in their towns."
            }
         ]
      },
      {
         "chapter": "3",
         "verses": [
            {
               "verse": "1",
               "text": "When the seventh month came and the Israelites had settled in their towns, the people assembled together as one in Jerusalem."
            },
            {
               "verse": "2",
               "text": "Then Joshua son of Jozadak and his fellow priests and Zerubbabel son of Shealtiel and his associates began to build the altar of the God of Israel to sacrifice burnt offerings on it, in accordance with what is written in the Law of Moses the man of God."
            },
            {
               "verse": "3",
               "text": "Despite their fear of the peoples around them, they built the altar on its foundation and sacrificed burnt offerings on it to the Lord, both the morning and evening sacrifices."
            },
            {
               "verse": "4",
               "text": "Then in accordance with what is written, they celebrated the Festival of Tabernacles with the required number of burnt offerings prescribed for each day."
            },
            {
               "verse": "5",
               "text": "After that, they presented the regular burnt offerings, the New Moon sacrifices and the sacrifices for all the appointed sacred festivals of the Lord, as well as those brought as freewill offerings to the Lord."
            },
            {
               "verse": "6",
               "text": "On the first day of the seventh month they began to offer burnt offerings to the Lord, though the foundation of the Lord`s temple had not yet been laid."
            },
            {
               "verse": "7",
               "text": "Then they gave money to the masons and carpenters, and gave food and drink and olive oil to the people of Sidon and Tyre, so that they would bring cedar logs by sea from Lebanon to Joppa, as authorized by Cyrus king of Persia."
            },
            {
               "verse": "8",
               "text": "In the second month of the second year after their arrival at the house of God in Jerusalem, Zerubbabel son of Shealtiel, Joshua son of Jozadak and the rest of the people (the priests and the Levites and all who had returned from the captivity to Jerusalem) began the work. They appointed Levites twenty years old and older to supervise the building of the house of the Lord."
            },
            {
               "verse": "9",
               "text": "Joshua and his sons and brothers and Kadmiel and his sons (descendants of Hodaviah) and the sons of Henadad and their sons and brothers—all Levites—joined together in supervising those working on the house of God."
            },
            {
               "verse": "10",
               "text": "When the builders laid the foundation of the temple of the Lord, the priests in their vestments and with trumpets, and the Levites (the sons of Asaph) with cymbals, took their places to praise the Lord, as prescribed by David king of Israel."
            },
            {
               "verse": "11",
               "text": "With praise and thanksgiving they sang to the Lord: “He is good; his love toward Israel endures forever.” And all the people gave a great shout of praise to the Lord, because the foundation of the house of the Lord was laid."
            },
            {
               "verse": "12",
               "text": "But many of the older priests and Levites and family heads, who had seen the former temple, wept aloud when they saw the foundation of this temple being laid, while many others shouted for joy."
            },
            {
               "verse": "13",
               "text": "No one could distinguish the sound of the shouts of joy from the sound of weeping, because the people made so much noise. And the sound was heard far away."
            }
         ]
      },
      {
         "chapter": "4",
         "verses": [
            {
               "verse": "1",
               "text": "When the enemies of Judah and Benjamin heard that the exiles were building a temple for the Lord, the God of Israel,"
            },
            {
               "verse": "2",
               "text": "they came to Zerubbabel and to the heads of the families and said, “Let us help you build because, like you, we seek your God and have been sacrificing to him since the time of Esarhaddon king of Assyria, who brought us here.”"
            },
            {
               "verse": "3",
               "text": "But Zerubbabel, Joshua and the rest of the heads of the families of Israel answered, “You have no part with us in building a temple to our God. We alone will build it for the Lord, the God of Israel, as King Cyrus, the king of Persia, commanded us.”"
            },
            {
               "verse": "4",
               "text": "Then the peoples around them set out to discourage the people of Judah and make them afraid to go on building."
            },
            {
               "verse": "5",
               "text": "They bribed officials to work against them and frustrate their plans during the entire reign of Cyrus king of Persia and down to the reign of Darius king of Persia."
            },
            {
               "verse": "6",
               "text": "At the beginning of the reign of Xerxes, they lodged an accusation against the people of Judah and Jerusalem."
            },
            {
               "verse": "7",
               "text": "And in the days of Artaxerxes king of Persia, Bishlam, Mithredath, Tabeel and the rest of his associates wrote a letter to Artaxerxes. The letter was written in Aramaic script and in the Aramaic language."
            },
            {
               "verse": "8",
               "text": "Rehum the commanding officer and Shimshai the secretary wrote a letter against Jerusalem to Artaxerxes the king as follows:"
            },
            {
               "verse": "9",
               "text": "Rehum the commanding officer and Shimshai the secretary, together with the rest of their associates—the judges, officials and administrators over the people from Persia, Uruk and Babylon, the Elamites of Susa,"
            },
            {
               "verse": "10",
               "text": "and the other people whom the great and honorable Ashurbanipal deported and settled in the city of Samaria and elsewhere in Trans-Euphrates."
            },
            {
               "verse": "11",
               "text": "(This is a copy of the letter they sent him.) To King Artaxerxes, From your servants in Trans-Euphrates:"
            },
            {
               "verse": "12",
               "text": "The king should know that the people who came up to us from you have gone to Jerusalem and are rebuilding that rebellious and wicked city. They are restoring the walls and repairing the foundations."
            },
            {
               "verse": "13",
               "text": "Furthermore, the king should know that if this city is built and its walls are restored, no more taxes, tribute or duty will be paid, and eventually the royal revenues will suffer."
            },
            {
               "verse": "14",
               "text": "Now since we are under obligation to the palace and it is not proper for us to see the king dishonored, we are sending this message to inform the king,"
            },
            {
               "verse": "15",
               "text": "so that a search may be made in the archives of your predecessors. In these records you will find that this city is a rebellious city, troublesome to kings and provinces, a place with a long history of sedition. That is why this city was destroyed."
            },
            {
               "verse": "16",
               "text": "We inform the king that if this city is built and its walls are restored, you will be left with nothing in Trans-Euphrates."
            },
            {
               "verse": "17",
               "text": "The king sent this reply: To Rehum the commanding officer, Shimshai the secretary and the rest of their associates living in Samaria and elsewhere in Trans-Euphrates: Greetings."
            },
            {
               "verse": "18",
               "text": "The letter you sent us has been read and translated in my presence."
            },
            {
               "verse": "19",
               "text": "I issued an order and a search was made, and it was found that this city has a long history of revolt against kings and has been a place of rebellion and sedition."
            },
            {
               "verse": "20",
               "text": "Jerusalem has had powerful kings ruling over the whole of Trans-Euphrates, and taxes, tribute and duty were paid to them."
            },
            {
               "verse": "21",
               "text": "Now issue an order to these men to stop work, so that this city will not be rebuilt until I so order."
            },
            {
               "verse": "22",
               "text": "Be careful not to neglect this matter. Why let this threat grow, to the detriment of the royal interests?"
            },
            {
               "verse": "23",
               "text": "As soon as the copy of the letter of King Artaxerxes was read to Rehum and Shimshai the secretary and their associates, they went immediately to the Jews in Jerusalem and compelled them by force to stop."
            },
            {
               "verse": "24",
               "text": "Thus the work on the house of God in Jerusalem came to a standstill until the second year of the reign of Darius king of Persia."
            }
         ]
      },
      {
         "chapter": "5",
         "verses": [
            {
               "verse": "1",
               "text": "Now Haggai the prophet and Zechariah the prophet, a descendant of Iddo, prophesied to the Jews in Judah and Jerusalem in the name of the God of Israel, who was over them."
            },
            {
               "verse": "2",
               "text": "Then Zerubbabel son of Shealtiel and Joshua son of Jozadak set to work to rebuild the house of God in Jerusalem. And the prophets of God were with them, supporting them."
            },
            {
               "verse": "3",
               "text": "At that time Tattenai, governor of Trans-Euphrates, and Shethar-Bozenai and their associates went to them and asked, “Who authorized you to rebuild this temple and to finish it?”"
            },
            {
               "verse": "4",
               "text": "They also asked, “What are the names of those who are constructing this building?”"
            },
            {
               "verse": "5",
               "text": "But the eye of their God was watching over the elders of the Jews, and they were not stopped until a report could go to Darius and his written reply be received."
            },
            {
               "verse": "6",
               "text": "This is a copy of the letter that Tattenai, governor of Trans-Euphrates, and Shethar-Bozenai and their associates, the officials of Trans-Euphrates, sent to King Darius."
            },
            {
               "verse": "7",
               "text": "The report they sent him read as follows: To King Darius: Cordial greetings."
            },
            {
               "verse": "8",
               "text": "The king should know that we went to the district of Judah, to the temple of the great God. The people are building it with large stones and placing the timbers in the walls. The work is being carried on with diligence and is making rapid progress under their direction."
            },
            {
               "verse": "9",
               "text": "We questioned the elders and asked them, “Who authorized you to rebuild this temple and to finish it?”"
            },
            {
               "verse": "10",
               "text": "We also asked them their names, so that we could write down the names of their leaders for your information."
            },
            {
               "verse": "11",
               "text": "This is the answer they gave us: “We are the servants of the God of heaven and earth, and we are rebuilding the temple that was built many years ago, one that a great king of Israel built and finished."
            },
            {
               "verse": "12",
               "text": "But because our ancestors angered the God of heaven, he gave them into the hands of Nebuchadnezzar the Chaldean, king of Babylon, who destroyed this temple and deported the people to Babylon."
            },
            {
               "verse": "13",
               "text": "“However, in the first year of Cyrus king of Babylon, King Cyrus issued a decree to rebuild this house of God."
            },
            {
               "verse": "14",
               "text": "He even removed from the temple of Babylon the gold and silver articles of the house of God, which Nebuchadnezzar had taken from the temple in Jerusalem and brought to the temple in Babylon. Then King Cyrus gave them to a man named Sheshbazzar, whom he had appointed governor,"
            },
            {
               "verse": "15",
               "text": "and he told him, ‘Take these articles and go and deposit them in the temple in Jerusalem. And rebuild the house of God on its site.`"
            },
            {
               "verse": "16",
               "text": "“So this Sheshbazzar came and laid the foundations of the house of God in Jerusalem. From that day to the present it has been under construction but is not yet finished.”"
            },
            {
               "verse": "17",
               "text": "Now if it pleases the king, let a search be made in the royal archives of Babylon to see if King Cyrus did in fact issue a decree to rebuild this house of God in Jerusalem. Then let the king send us his decision in this matter."
            }
         ]
      },
      {
         "chapter": "6",
         "verses": [
            {
               "verse": "1",
               "text": "King Darius then issued an order, and they searched in the archives stored in the treasury at Babylon."
            },
            {
               "verse": "2",
               "text": "A scroll was found in the citadel of Ecbatana in the province of Media, and this was written on it: Memorandum:"
            },
            {
               "verse": "3",
               "text": "In the first year of King Cyrus, the king issued a decree concerning the temple of God in Jerusalem: Let the temple be rebuilt as a place to present sacrifices, and let its foundations be laid. It is to be sixty cubits high and sixty cubits wide,"
            },
            {
               "verse": "4",
               "text": "with three courses of large stones and one of timbers. The costs are to be paid by the royal treasury."
            },
            {
               "verse": "5",
               "text": "Also, the gold and silver articles of the house of God, which Nebuchadnezzar took from the temple in Jerusalem and brought to Babylon, are to be returned to their places in the temple in Jerusalem; they are to be deposited in the house of God."
            },
            {
               "verse": "6",
               "text": "Now then, Tattenai, governor of Trans-Euphrates, and Shethar-Bozenai and you other officials of that province, stay away from there."
            },
            {
               "verse": "7",
               "text": "Do not interfere with the work on this temple of God. Let the governor of the Jews and the Jewish elders rebuild this house of God on its site."
            },
            {
               "verse": "8",
               "text": "Moreover, I hereby decree what you are to do for these elders of the Jews in the construction of this house of God: Their expenses are to be fully paid out of the royal treasury, from the revenues of Trans-Euphrates, so that the work will not stop."
            },
            {
               "verse": "9",
               "text": "Whatever is needed—young bulls, rams, male lambs for burnt offerings to the God of heaven, and wheat, salt, wine and olive oil, as requested by the priests in Jerusalem—must be given them daily without fail,"
            },
            {
               "verse": "10",
               "text": "so that they may offer sacrifices pleasing to the God of heaven and pray for the well-being of the king and his sons."
            },
            {
               "verse": "11",
               "text": "Furthermore, I decree that if anyone defies this edict, a beam is to be pulled from their house and they are to be impaled on it. And for this crime their house is to be made a pile of rubble."
            },
            {
               "verse": "12",
               "text": "May God, who has caused his Name to dwell there, overthrow any king or people who lifts a hand to change this decree or to destroy this temple in Jerusalem. I Darius have decreed it. Let it be carried out with diligence."
            },
            {
               "verse": "13",
               "text": "Then, because of the decree King Darius had sent, Tattenai, governor of Trans-Euphrates, and Shethar-Bozenai and their associates carried it out with diligence."
            },
            {
               "verse": "14",
               "text": "So the elders of the Jews continued to build and prosper under the preaching of Haggai the prophet and Zechariah, a descendant of Iddo. They finished building the temple according to the command of the God of Israel and the decrees of Cyrus, Darius and Artaxerxes, kings of Persia."
            },
            {
               "verse": "15",
               "text": "The temple was completed on the third day of the month Adar, in the sixth year of the reign of King Darius."
            },
            {
               "verse": "16",
               "text": "Then the people of Israel—the priests, the Levites and the rest of the exiles—celebrated the dedication of the house of God with joy."
            },
            {
               "verse": "17",
               "text": "For the dedication of this house of God they offered a hundred bulls, two hundred rams, four hundred male lambs and, as a sin offering for all Israel, twelve male goats, one for each of the tribes of Israel."
            },
            {
               "verse": "18",
               "text": "And they installed the priests in their divisions and the Levites in their groups for the service of God at Jerusalem, according to what is written in the Book of Moses."
            },
            {
               "verse": "19",
               "text": "On the fourteenth day of the first month, the exiles celebrated the Passover."
            },
            {
               "verse": "20",
               "text": "The priests and Levites had purified themselves and were all ceremonially clean. The Levites slaughtered the Passover lamb for all the exiles, for their relatives the priests and for themselves."
            },
            {
               "verse": "21",
               "text": "So the Israelites who had returned from the exile ate it, together with all who had separated themselves from the unclean practices of their Gentile neighbors in order to seek the Lord, the God of Israel."
            },
            {
               "verse": "22",
               "text": "For seven days they celebrated with joy the Festival of Unleavened Bread, because the Lord had filled them with joy by changing the attitude of the king of Assyria so that he assisted them in the work on the house of God, the God of Israel."
            }
         ]
      },
      {
         "chapter": "7",
         "verses": [
            {
               "verse": "1",
               "text": "After these things, during the reign of Artaxerxes king of Persia, Ezra son of Seraiah, the son of Azariah, the son of Hilkiah,"
            },
            {
               "verse": "2",
               "text": "the son of Shallum, the son of Zadok, the son of Ahitub,"
            },
            {
               "verse": "3",
               "text": "the son of Amariah, the son of Azariah, the son of Meraioth,"
            },
            {
               "verse": "4",
               "text": "the son of Zerahiah, the son of Uzzi, the son of Bukki,"
            },
            {
               "verse": "5",
               "text": "the son of Abishua, the son of Phinehas, the son of Eleazar, the son of Aaron the chief priest—"
            },
            {
               "verse": "6",
               "text": "this Ezra came up from Babylon. He was a teacher well versed in the Law of Moses, which the Lord, the God of Israel, had given. The king had granted him everything he asked, for the hand of the Lord his God was on him."
            },
            {
               "verse": "7",
               "text": "Some of the Israelites, including priests, Levites, musicians, gatekeepers and temple servants, also came up to Jerusalem in the seventh year of King Artaxerxes."
            },
            {
               "verse": "8",
               "text": "Ezra arrived in Jerusalem in the fifth month of the seventh year of the king."
            },
            {
               "verse": "9",
               "text": "He had begun his journey from Babylon on the first day of the first month, and he arrived in Jerusalem on the first day of the fifth month, for the gracious hand of his God was on him."
            },
            {
               "verse": "10",
               "text": "For Ezra had devoted himself to the study and observance of the Law of the Lord, and to teaching its decrees and laws in Israel."
            },
            {
               "verse": "11",
               "text": "This is a copy of the letter King Artaxerxes had given to Ezra the priest, a teacher of the Law, a man learned in matters concerning the commands and decrees of the Lord for Israel:"
            },
            {
               "verse": "12",
               "text": "Artaxerxes, king of kings, To Ezra the priest, teacher of the Law of the God of heaven: Greetings."
            },
            {
               "verse": "13",
               "text": "Now I decree that any of the Israelites in my kingdom, including priests and Levites, who volunteer to go to Jerusalem with you, may go."
            },
            {
               "verse": "14",
               "text": "You are sent by the king and his seven advisers to inquire about Judah and Jerusalem with regard to the Law of your God, which is in your hand."
            },
            {
               "verse": "15",
               "text": "Moreover, you are to take with you the silver and gold that the king and his advisers have freely given to the God of Israel, whose dwelling is in Jerusalem,"
            },
            {
               "verse": "16",
               "text": "together with all the silver and gold you may obtain from the province of Babylon, as well as the freewill offerings of the people and priests for the temple of their God in Jerusalem."
            },
            {
               "verse": "17",
               "text": "With this money be sure to buy bulls, rams and male lambs, together with their grain offerings and drink offerings, and sacrifice them on the altar of the temple of your God in Jerusalem."
            },
            {
               "verse": "18",
               "text": "You and your fellow Israelites may then do whatever seems best with the rest of the silver and gold, in accordance with the will of your God."
            },
            {
               "verse": "19",
               "text": "Deliver to the God of Jerusalem all the articles entrusted to you for worship in the temple of your God."
            },
            {
               "verse": "20",
               "text": "And anything else needed for the temple of your God that you are responsible to supply, you may provide from the royal treasury."
            },
            {
               "verse": "21",
               "text": "Now I, King Artaxerxes, decree that all the treasurers of Trans-Euphrates are to provide with diligence whatever Ezra the priest, the teacher of the Law of the God of heaven, may ask of you—"
            },
            {
               "verse": "22",
               "text": "up to a hundred talents of silver, a hundred cors of wheat, a hundred baths of wine, a hundred baths of olive oil, and salt without limit."
            },
            {
               "verse": "23",
               "text": "Whatever the God of heaven has prescribed, let it be done with diligence for the temple of the God of heaven. Why should his wrath fall on the realm of the king and of his sons?"
            },
            {
               "verse": "24",
               "text": "You are also to know that you have no authority to impose taxes, tribute or duty on any of the priests, Levites, musicians, gatekeepers, temple servants or other workers at this house of God."
            },
            {
               "verse": "25",
               "text": "And you, Ezra, in accordance with the wisdom of your God, which you possess, appoint magistrates and judges to administer justice to all the people of Trans-Euphrates—all who know the laws of your God. And you are to teach any who do not know them."
            },
            {
               "verse": "26",
               "text": "Whoever does not obey the law of your God and the law of the king must surely be punished by death, banishment, confiscation of property, or imprisonment."
            },
            {
               "verse": "27",
               "text": "Praise be to the Lord, the God of our ancestors, who has put it into the king`s heart to bring honor to the house of the Lord in Jerusalem in this way"
            },
            {
               "verse": "28",
               "text": "and who has extended his good favor to me before the king and his advisers and all the king`s powerful officials. Because the hand of the Lord my God was on me, I took courage and gathered leaders from Israel to go up with me."
            }
         ]
      },
      {
         "chapter": "8",
         "verses": [
            {
               "verse": "1",
               "text": "These are the family heads and those registered with them who came up with me from Babylon during the reign of King Artaxerxes:"
            },
            {
               "verse": "2",
               "text": "of the descendants of Phinehas, Gershom; of the descendants of Ithamar, Daniel; of the descendants of David, Hattush"
            },
            {
               "verse": "3",
               "text": "of the descendants of Shekaniah; of the descendants of Parosh, Zechariah, and with him were registered 150 men;"
            },
            {
               "verse": "4",
               "text": "of the descendants of Pahath-Moab, Eliehoenai son of Zerahiah, and with him 200 men;"
            },
            {
               "verse": "5",
               "text": "of the descendants of Zattu, Shekaniah son of Jahaziel, and with him 300 men;"
            },
            {
               "verse": "6",
               "text": "of the descendants of Adin, Ebed son of Jonathan, and with him 50 men;"
            },
            {
               "verse": "7",
               "text": "of the descendants of Elam, Jeshaiah son of Athaliah, and with him 70 men;"
            },
            {
               "verse": "8",
               "text": "of the descendants of Shephatiah, Zebadiah son of Michael, and with him 80 men;"
            },
            {
               "verse": "9",
               "text": "of the descendants of Joab, Obadiah son of Jehiel, and with him 218 men;"
            },
            {
               "verse": "10",
               "text": "of the descendants of Bani, Shelomith son of Josiphiah, and with him 160 men;"
            },
            {
               "verse": "11",
               "text": "of the descendants of Bebai, Zechariah son of Bebai, and with him 28 men;"
            },
            {
               "verse": "12",
               "text": "of the descendants of Azgad, Johanan son of Hakkatan, and with him 110 men;"
            },
            {
               "verse": "13",
               "text": "of the descendants of Adonikam, the last ones, whose names were Eliphelet, Jeuel and Shemaiah, and with them 60 men;"
            },
            {
               "verse": "14",
               "text": "of the descendants of Bigvai, Uthai and Zakkur, and with them 70 men."
            },
            {
               "verse": "15",
               "text": "I assembled them at the canal that flows toward Ahava, and we camped there three days. When I checked among the people and the priests, I found no Levites there."
            },
            {
               "verse": "16",
               "text": "So I summoned Eliezer, Ariel, Shemaiah, Elnathan, Jarib, Elnathan, Nathan, Zechariah and Meshullam, who were leaders, and Joiarib and Elnathan, who were men of learning,"
            },
            {
               "verse": "17",
               "text": "and I ordered them to go to Iddo, the leader in Kasiphia. I told them what to say to Iddo and his fellow Levites, the temple servants in Kasiphia, so that they might bring attendants to us for the house of our God."
            },
            {
               "verse": "18",
               "text": "Because the gracious hand of our God was on us, they brought us Sherebiah, a capable man, from the descendants of Mahli son of Levi, the son of Israel, and Sherebiah`s sons and brothers, 18 in all;"
            },
            {
               "verse": "19",
               "text": "and Hashabiah, together with Jeshaiah from the descendants of Merari, and his brothers and nephews, 20 in all."
            },
            {
               "verse": "20",
               "text": "They also brought 220 of the temple servants—a body that David and the officials had established to assist the Levites. All were registered by name."
            },
            {
               "verse": "21",
               "text": "There, by the Ahava Canal, I proclaimed a fast, so that we might humble ourselves before our God and ask him for a safe journey for us and our children, with all our possessions."
            },
            {
               "verse": "22",
               "text": "I was ashamed to ask the king for soldiers and horsemen to protect us from enemies on the road, because we had told the king, “The gracious hand of our God is on everyone who looks to him, but his great anger is against all who forsake him.”"
            },
            {
               "verse": "23",
               "text": "So we fasted and petitioned our God about this, and he answered our prayer."
            },
            {
               "verse": "24",
               "text": "Then I set apart twelve of the leading priests, namely, Sherebiah, Hashabiah and ten of their brothers,"
            },
            {
               "verse": "25",
               "text": "and I weighed out to them the offering of silver and gold and the articles that the king, his advisers, his officials and all Israel present there had donated for the house of our God."
            },
            {
               "verse": "26",
               "text": "I weighed out to them 650 talents of silver, silver articles weighing 100 talents, 100 talents of gold,"
            },
            {
               "verse": "27",
               "text": "20 bowls of gold valued at 1,000 darics, and two fine articles of polished bronze, as precious as gold."
            },
            {
               "verse": "28",
               "text": "I said to them, “You as well as these articles are consecrated to the Lord. The silver and gold are a freewill offering to the Lord, the God of your ancestors."
            },
            {
               "verse": "29",
               "text": "Guard them carefully until you weigh them out in the chambers of the house of the Lord in Jerusalem before the leading priests and the Levites and the family heads of Israel.”"
            },
            {
               "verse": "30",
               "text": "Then the priests and Levites received the silver and gold and sacred articles that had been weighed out to be taken to the house of our God in Jerusalem."
            },
            {
               "verse": "31",
               "text": "On the twelfth day of the first month we set out from the Ahava Canal to go to Jerusalem. The hand of our God was on us, and he protected us from enemies and bandits along the way."
            },
            {
               "verse": "32",
               "text": "So we arrived in Jerusalem, where we rested three days."
            },
            {
               "verse": "33",
               "text": "On the fourth day, in the house of our God, we weighed out the silver and gold and the sacred articles into the hands of Meremoth son of Uriah, the priest. Eleazar son of Phinehas was with him, and so were the Levites Jozabad son of Jeshua and Noadiah son of Binnui."
            },
            {
               "verse": "34",
               "text": "Everything was accounted for by number and weight, and the entire weight was recorded at that time."
            },
            {
               "verse": "35",
               "text": "Then the exiles who had returned from captivity sacrificed burnt offerings to the God of Israel: twelve bulls for all Israel, ninety-six rams, seventy-seven male lambs and, as a sin offering, twelve male goats. All this was a burnt offering to the Lord."
            },
            {
               "verse": "36",
               "text": "They also delivered the king`s orders to the royal satraps and to the governors of Trans-Euphrates, who then gave assistance to the people and to the house of God."
            }
         ]
      },
      {
         "chapter": "9",
         "verses": [
            {
               "verse": "1",
               "text": "After these things had been done, the leaders came to me and said, “The people of Israel, including the priests and the Levites, have not kept themselves separate from the neighboring peoples with their detestable practices, like those of the Canaanites, Hittites, Perizzites, Jebusites, Ammonites, Moabites, Egyptians and Amorites."
            },
            {
               "verse": "2",
               "text": "They have taken some of their daughters as wives for themselves and their sons, and have mingled the holy race with the peoples around them. And the leaders and officials have led the way in this unfaithfulness.”"
            },
            {
               "verse": "3",
               "text": "When I heard this, I tore my tunic and cloak, pulled hair from my head and beard and sat down appalled."
            },
            {
               "verse": "4",
               "text": "Then everyone who trembled at the words of the God of Israel gathered around me because of this unfaithfulness of the exiles. And I sat there appalled until the evening sacrifice."
            },
            {
               "verse": "5",
               "text": "Then, at the evening sacrifice, I rose from my self-abasement, with my tunic and cloak torn, and fell on my knees with my hands spread out to the Lord my God"
            },
            {
               "verse": "6",
               "text": "and prayed: “I am too ashamed and disgraced, my God, to lift up my face to you, because our sins are higher than our heads and our guilt has reached to the heavens."
            },
            {
               "verse": "7",
               "text": "From the days of our ancestors until now, our guilt has been great. Because of our sins, we and our kings and our priests have been subjected to the sword and captivity, to pillage and humiliation at the hand of foreign kings, as it is today."
            },
            {
               "verse": "8",
               "text": "“But now, for a brief moment, the Lord our God has been gracious in leaving us a remnant and giving us a firm place in his sanctuary, and so our God gives light to our eyes and a little relief in our bondage."
            },
            {
               "verse": "9",
               "text": "Though we are slaves, our God has not forsaken us in our bondage. He has shown us kindness in the sight of the kings of Persia: He has granted us new life to rebuild the house of our God and repair its ruins, and he has given us a wall of protection in Judah and Jerusalem."
            },
            {
               "verse": "10",
               "text": "“But now, our God, what can we say after this? For we have forsaken the commands"
            },
            {
               "verse": "11",
               "text": "you gave through your servants the prophets when you said: ‘The land you are entering to possess is a land polluted by the corruption of its peoples. By their detestable practices they have filled it with their impurity from one end to the other."
            },
            {
               "verse": "12",
               "text": "Therefore, do not give your daughters in marriage to their sons or take their daughters for your sons. Do not seek a treaty of friendship with them at any time, that you may be strong and eat the good things of the land and leave it to your children as an everlasting inheritance.`"
            },
            {
               "verse": "13",
               "text": "“What has happened to us is a result of our evil deeds and our great guilt, and yet, our God, you have punished us less than our sins deserved and have given us a remnant like this."
            },
            {
               "verse": "14",
               "text": "Shall we then break your commands again and intermarry with the peoples who commit such detestable practices? Would you not be angry enough with us to destroy us, leaving us no remnant or survivor?"
            },
            {
               "verse": "15",
               "text": "Lord, the God of Israel, you are righteous! We are left this day as a remnant. Here we are before you in our guilt, though because of it not one of us can stand in your presence.”"
            }
         ]
      },
      {
         "chapter": "10",
         "verses": [
            {
               "verse": "1",
               "text": "While Ezra was praying and confessing, weeping and throwing himself down before the house of God, a large crowd of Israelites—men, women and children—gathered around him. They too wept bitterly."
            },
            {
               "verse": "2",
               "text": "Then Shekaniah son of Jehiel, one of the descendants of Elam, said to Ezra, “We have been unfaithful to our God by marrying foreign women from the peoples around us. But in spite of this, there is still hope for Israel."
            },
            {
               "verse": "3",
               "text": "Now let us make a covenant before our God to send away all these women and their children, in accordance with the counsel of my lord and of those who fear the commands of our God. Let it be done according to the Law."
            },
            {
               "verse": "4",
               "text": "Rise up; this matter is in your hands. We will support you, so take courage and do it.”"
            },
            {
               "verse": "5",
               "text": "So Ezra rose up and put the leading priests and Levites and all Israel under oath to do what had been suggested. And they took the oath."
            },
            {
               "verse": "6",
               "text": "Then Ezra withdrew from before the house of God and went to the room of Jehohanan son of Eliashib. While he was there, he ate no food and drank no water, because he continued to mourn over the unfaithfulness of the exiles."
            },
            {
               "verse": "7",
               "text": "A proclamation was then issued throughout Judah and Jerusalem for all the exiles to assemble in Jerusalem."
            },
            {
               "verse": "8",
               "text": "Anyone who failed to appear within three days would forfeit all his property, in accordance with the decision of the officials and elders, and would himself be expelled from the assembly of the exiles."
            },
            {
               "verse": "9",
               "text": "Within the three days, all the men of Judah and Benjamin had gathered in Jerusalem. And on the twentieth day of the ninth month, all the people were sitting in the square before the house of God, greatly distressed by the occasion and because of the rain."
            },
            {
               "verse": "10",
               "text": "Then Ezra the priest stood up and said to them, “You have been unfaithful; you have married foreign women, adding to Israel`s guilt."
            },
            {
               "verse": "11",
               "text": "Now honor the Lord, the God of your ancestors, and do his will. Separate yourselves from the peoples around you and from your foreign wives.”"
            },
            {
               "verse": "12",
               "text": "The whole assembly responded with a loud voice: “You are right! We must do as you say."
            },
            {
               "verse": "13",
               "text": "But there are many people here and it is the rainy season; so we cannot stand outside. Besides, this matter cannot be taken care of in a day or two, because we have sinned greatly in this thing."
            },
            {
               "verse": "14",
               "text": "Let our officials act for the whole assembly. Then let everyone in our towns who has married a foreign woman come at a set time, along with the elders and judges of each town, until the fierce anger of our God in this matter is turned away from us.”"
            },
            {
               "verse": "15",
               "text": "Only Jonathan son of Asahel and Jahzeiah son of Tikvah, supported by Meshullam and Shabbethai the Levite, opposed this."
            },
            {
               "verse": "16",
               "text": "So the exiles did as was proposed. Ezra the priest selected men who were family heads, one from each family division, and all of them designated by name. On the first day of the tenth month they sat down to investigate the cases,"
            },
            {
               "verse": "17",
               "text": "and by the first day of the first month they finished dealing with all the men who had married foreign women."
            },
            {
               "verse": "18",
               "text": "Among the descendants of the priests, the following had married foreign women: From the descendants of Joshua son of Jozadak, and his brothers: Maaseiah, Eliezer, Jarib and Gedaliah."
            },
            {
               "verse": "19",
               "text": "(They all gave their hands in pledge to put away their wives, and for their guilt they each presented a ram from the flock as a guilt offering.)"
            },
            {
               "verse": "20",
               "text": "From the descendants of Immer: Hanani and Zebadiah."
            },
            {
               "verse": "21",
               "text": "From the descendants of Harim: Maaseiah, Elijah, Shemaiah, Jehiel and Uzziah."
            },
            {
               "verse": "22",
               "text": "From the descendants of Pashhur: Elioenai, Maaseiah, Ishmael, Nethanel, Jozabad and Elasah."
            },
            {
               "verse": "23",
               "text": "Among the Levites: Jozabad, Shimei, Kelaiah (that is, Kelita), Pethahiah, Judah and Eliezer."
            },
            {
               "verse": "24",
               "text": "From the musicians: Eliashib. From the gatekeepers: Shallum, Telem and Uri."
            },
            {
               "verse": "25",
               "text": "And among the other Israelites: From the descendants of Parosh: Ramiah, Izziah, Malkijah, Mijamin, Eleazar, Malkijah and Benaiah."
            },
            {
               "verse": "26",
               "text": "From the descendants of Elam: Mattaniah, Zechariah, Jehiel, Abdi, Jeremoth and Elijah."
            },
            {
               "verse": "27",
               "text": "From the descendants of Zattu: Elioenai, Eliashib, Mattaniah, Jeremoth, Zabad and Aziza."
            },
            {
               "verse": "28",
               "text": "From the descendants of Bebai: Jehohanan, Hananiah, Zabbai and Athlai."
            },
            {
               "verse": "29",
               "text": "From the descendants of Bani: Meshullam, Malluk, Adaiah, Jashub, Sheal and Jeremoth."
            },
            {
               "verse": "30",
               "text": "From the descendants of Pahath-Moab: Adna, Kelal, Benaiah, Maaseiah, Mattaniah, Bezalel, Binnui and Manasseh."
            },
            {
               "verse": "31",
               "text": "From the descendants of Harim: Eliezer, Ishijah, Malkijah, Shemaiah, Shimeon,"
            },
            {
               "verse": "32",
               "text": "Benjamin, Malluk and Shemariah."
            },
            {
               "verse": "33",
               "text": "From the descendants of Hashum: Mattenai, Mattattah, Zabad, Eliphelet, Jeremai, Manasseh and Shimei."
            },
            {
               "verse": "34",
               "text": "From the descendants of Bani: Maadai, Amram, Uel,"
            },
            {
               "verse": "35",
               "text": "Benaiah, Bedeiah, Keluhi,"
            },
            {
               "verse": "36",
               "text": "Vaniah, Meremoth, Eliashib,"
            },
            {
               "verse": "37",
               "text": "Mattaniah, Mattenai and Jaasu."
            },
            {
               "verse": "38",
               "text": "From the descendants of Binnui: Shimei,"
            },
            {
               "verse": "39",
               "text": "Shelemiah, Nathan, Adaiah,"
            },
            {
               "verse": "40",
               "text": "Maknadebai, Shashai, Sharai,"
            },
            {
               "verse": "41",
               "text": "Azarel, Shelemiah, Shemariah,"
            },
            {
               "verse": "42",
               "text": "Shallum, Amariah and Joseph."
            },
            {
               "verse": "43",
               "text": "From the descendants of Nebo: Jeiel, Mattithiah, Zabad, Zebina, Jaddai, Joel and Benaiah."
            },
            {
               "verse": "44",
               "text": "All these had married foreign women, and some of them had children by these wives."
            }
         ]
      }
   ]
}