{
   "book": "Galatians",
   "count": 6,
   "chapters": [
      {
         "chapter": "1",
         "verses": [
            {
               "verse": "1",
               "text": "Paul, an apostle—sent not from men nor by a man, but by Jesus Christ and God the Father, who raised him from the dead—"
            },
            {
               "verse": "2",
               "text": "and all the brothers and sisters with me, To the churches in Galatia:"
            },
            {
               "verse": "3",
               "text": "Grace and peace to you from God our Father and the Lord Jesus Christ,"
            },
            {
               "verse": "4",
               "text": "who gave himself for our sins to rescue us from the present evil age, according to the will of our God and Father,"
            },
            {
               "verse": "5",
               "text": "to whom be glory for ever and ever. Amen."
            },
            {
               "verse": "6",
               "text": "I am astonished that you are so quickly deserting the one who called you to live in the grace of Christ and are turning to a different gospel—"
            },
            {
               "verse": "7",
               "text": "which is really no gospel at all. Evidently some people are throwing you into confusion and are trying to pervert the gospel of Christ."
            },
            {
               "verse": "8",
               "text": "But even if we or an angel from heaven should preach a gospel other than the one we preached to you, let them be under God`s curse!"
            },
            {
               "verse": "9",
               "text": "As we have already said, so now I say again: If anybody is preaching to you a gospel other than what you accepted, let them be under God`s curse!"
            },
            {
               "verse": "10",
               "text": "Am I now trying to win the approval of human beings, or of God? Or am I trying to please people? If I were still trying to please people, I would not be a servant of Christ."
            },
            {
               "verse": "11",
               "text": "I want you to know, brothers and sisters, that the gospel I preached is not of human origin."
            },
            {
               "verse": "12",
               "text": "I did not receive it from any man, nor was I taught it; rather, I received it by revelation from Jesus Christ."
            },
            {
               "verse": "13",
               "text": "For you have heard of my previous way of life in Judaism, how intensely I persecuted the church of God and tried to destroy it."
            },
            {
               "verse": "14",
               "text": "I was advancing in Judaism beyond many of my own age among my people and was extremely zealous for the traditions of my fathers."
            },
            {
               "verse": "15",
               "text": "But when God, who set me apart from my mother`s womb and called me by his grace, was pleased"
            },
            {
               "verse": "16",
               "text": "to reveal his Son in me so that I might preach him among the Gentiles, my immediate response was not to consult any human being."
            },
            {
               "verse": "17",
               "text": "I did not go up to Jerusalem to see those who were apostles before I was, but I went into Arabia. Later I returned to Damascus."
            },
            {
               "verse": "18",
               "text": "Then after three years, I went up to Jerusalem to get acquainted with Cephas and stayed with him fifteen days."
            },
            {
               "verse": "19",
               "text": "I saw none of the other apostles—only James, the Lord`s brother."
            },
            {
               "verse": "20",
               "text": "I assure you before God that what I am writing you is no lie."
            },
            {
               "verse": "21",
               "text": "Then I went to Syria and Cilicia."
            },
            {
               "verse": "22",
               "text": "I was personally unknown to the churches of Judea that are in Christ."
            },
            {
               "verse": "23",
               "text": "They only heard the report: “The man who formerly persecuted us is now preaching the faith he once tried to destroy.”"
            },
            {
               "verse": "24",
               "text": "And they praised God because of me."
            }
         ]
      },
      {
         "chapter": "2",
         "verses": [
            {
               "verse": "1",
               "text": "Then after fourteen years, I went up again to Jerusalem, this time with Barnabas. I took Titus along also."
            },
            {
               "verse": "2",
               "text": "I went in response to a revelation and, meeting privately with those esteemed as leaders, I presented to them the gospel that I preach among the Gentiles. I wanted to be sure I was not running and had not been running my race in vain."
            },
            {
               "verse": "3",
               "text": "Yet not even Titus, who was with me, was compelled to be circumcised, even though he was a Greek."
            },
            {
               "verse": "4",
               "text": "This matter arose because some false believers had infiltrated our ranks to spy on the freedom we have in Christ Jesus and to make us slaves."
            },
            {
               "verse": "5",
               "text": "We did not give in to them for a moment, so that the truth of the gospel might be preserved for you."
            },
            {
               "verse": "6",
               "text": "As for those who were held in high esteem—whatever they were makes no difference to me; God does not show favoritism—they added nothing to my message."
            },
            {
               "verse": "7",
               "text": "On the contrary, they recognized that I had been entrusted with the task of preaching the gospel to the uncircumcised, just as Peter had been to the circumcised."
            },
            {
               "verse": "8",
               "text": "For God, who was at work in Peter as an apostle to the circumcised, was also at work in me as an apostle to the Gentiles."
            },
            {
               "verse": "9",
               "text": "James, Cephas and John, those esteemed as pillars, gave me and Barnabas the right hand of fellowship when they recognized the grace given to me. They agreed that we should go to the Gentiles, and they to the circumcised."
            },
            {
               "verse": "10",
               "text": "All they asked was that we should continue to remember the poor, the very thing I had been eager to do all along."
            },
            {
               "verse": "11",
               "text": "When Cephas came to Antioch, I opposed him to his face, because he stood condemned."
            },
            {
               "verse": "12",
               "text": "For before certain men came from James, he used to eat with the Gentiles. But when they arrived, he began to draw back and separate himself from the Gentiles because he was afraid of those who belonged to the circumcision group."
            },
            {
               "verse": "13",
               "text": "The other Jews joined him in his hypocrisy, so that by their hypocrisy even Barnabas was led astray."
            },
            {
               "verse": "14",
               "text": "When I saw that they were not acting in line with the truth of the gospel, I said to Cephas in front of them all, “You are a Jew, yet you live like a Gentile and not like a Jew. How is it, then, that you force Gentiles to follow Jewish customs?"
            },
            {
               "verse": "15",
               "text": "“We who are Jews by birth and not sinful Gentiles"
            },
            {
               "verse": "16",
               "text": "know that a person is not justified by the works of the law, but by faith in Jesus Christ. So we, too, have put our faith in Christ Jesus that we may be justified by faith in Christ and not by the works of the law, because by the works of the law no one will be justified."
            },
            {
               "verse": "17",
               "text": "“But if, in seeking to be justified in Christ, we Jews find ourselves also among the sinners, doesn`t that mean that Christ promotes sin? Absolutely not!"
            },
            {
               "verse": "18",
               "text": "If I rebuild what I destroyed, then I really would be a lawbreaker."
            },
            {
               "verse": "19",
               "text": "“For through the law I died to the law so that I might live for God."
            },
            {
               "verse": "20",
               "text": "I have been crucified with Christ and I no longer live, but Christ lives in me. The life I now live in the body, I live by faith in the Son of God, who loved me and gave himself for me."
            },
            {
               "verse": "21",
               "text": "I do not set aside the grace of God, for if righteousness could be gained through the law, Christ died for nothing!”"
            }
         ]
      },
      {
         "chapter": "3",
         "verses": [
            {
               "verse": "1",
               "text": "You foolish Galatians! Who has bewitched you? Before your very eyes Jesus Christ was clearly portrayed as crucified."
            },
            {
               "verse": "2",
               "text": "I would like to learn just one thing from you: Did you receive the Spirit by the works of the law, or by believing what you heard?"
            },
            {
               "verse": "3",
               "text": "Are you so foolish? After beginning by means of the Spirit, are you now trying to finish by means of the flesh?"
            },
            {
               "verse": "4",
               "text": "Have you experienced so much in vain—if it really was in vain?"
            },
            {
               "verse": "5",
               "text": "So again I ask, does God give you his Spirit and work miracles among you by the works of the law, or by your believing what you heard?"
            },
            {
               "verse": "6",
               "text": "So also Abraham “believed God, and it was credited to him as righteousness.”"
            },
            {
               "verse": "7",
               "text": "Understand, then, that those who have faith are children of Abraham."
            },
            {
               "verse": "8",
               "text": "Scripture foresaw that God would justify the Gentiles by faith, and announced the gospel in advance to Abraham: “All nations will be blessed through you.”"
            },
            {
               "verse": "9",
               "text": "So those who rely on faith are blessed along with Abraham, the man of faith."
            },
            {
               "verse": "10",
               "text": "For all who rely on the works of the law are under a curse, as it is written: “Cursed is everyone who does not continue to do everything written in the Book of the Law.”"
            },
            {
               "verse": "11",
               "text": "Clearly no one who relies on the law is justified before God, because “the righteous will live by faith.”"
            },
            {
               "verse": "12",
               "text": "The law is not based on faith; on the contrary, it says, “The person who does these things will live by them.”"
            },
            {
               "verse": "13",
               "text": "Christ redeemed us from the curse of the law by becoming a curse for us, for it is written: “Cursed is everyone who is hung on a pole.”"
            },
            {
               "verse": "14",
               "text": "He redeemed us in order that the blessing given to Abraham might come to the Gentiles through Christ Jesus, so that by faith we might receive the promise of the Spirit."
            },
            {
               "verse": "15",
               "text": "Brothers and sisters, let me take an example from everyday life. Just as no one can set aside or add to a human covenant that has been duly established, so it is in this case."
            },
            {
               "verse": "16",
               "text": "The promises were spoken to Abraham and to his seed. Scripture does not say “and to seeds,” meaning many people, but “and to your seed,” meaning one person, who is Christ."
            },
            {
               "verse": "17",
               "text": "What I mean is this: The law, introduced 430 years later, does not set aside the covenant previously established by God and thus do away with the promise."
            },
            {
               "verse": "18",
               "text": "For if the inheritance depends on the law, then it no longer depends on the promise; but God in his grace gave it to Abraham through a promise."
            },
            {
               "verse": "19",
               "text": "Why, then, was the law given at all? It was added because of transgressions until the Seed to whom the promise referred had come. The law was given through angels and entrusted to a mediator."
            },
            {
               "verse": "20",
               "text": "A mediator, however, implies more than one party; but God is one."
            },
            {
               "verse": "21",
               "text": "Is the law, therefore, opposed to the promises of God? Absolutely not! For if a law had been given that could impart life, then righteousness would certainly have come by the law."
            },
            {
               "verse": "22",
               "text": "But Scripture has locked up everything under the control of sin, so that what was promised, being given through faith in Jesus Christ, might be given to those who believe."
            },
            {
               "verse": "23",
               "text": "Before the coming of this faith, we were held in custody under the law, locked up until the faith that was to come would be revealed."
            },
            {
               "verse": "24",
               "text": "So the law was our guardian until Christ came that we might be justified by faith."
            },
            {
               "verse": "25",
               "text": "Now that this faith has come, we are no longer under a guardian."
            },
            {
               "verse": "26",
               "text": "So in Christ Jesus you are all children of God through faith,"
            },
            {
               "verse": "27",
               "text": "for all of you who were baptized into Christ have clothed yourselves with Christ."
            },
            {
               "verse": "28",
               "text": "There is neither Jew nor Gentile, neither slave nor free, nor is there male and female, for you are all one in Christ Jesus."
            },
            {
               "verse": "29",
               "text": "If you belong to Christ, then you are Abraham`s seed, and heirs according to the promise."
            }
         ]
      },
      {
         "chapter": "4",
         "verses": [
            {
               "verse": "1",
               "text": "What I am saying is that as long as an heir is underage, he is no different from a slave, although he owns the whole estate."
            },
            {
               "verse": "2",
               "text": "The heir is subject to guardians and trustees until the time set by his father."
            },
            {
               "verse": "3",
               "text": "So also, when we were underage, we were in slavery under the elemental spiritual forces of the world."
            },
            {
               "verse": "4",
               "text": "But when the set time had fully come, God sent his Son, born of a woman, born under the law,"
            },
            {
               "verse": "5",
               "text": "to redeem those under the law, that we might receive adoption to sonship."
            },
            {
               "verse": "6",
               "text": "Because you are his sons, God sent the Spirit of his Son into our hearts, the Spirit who calls out, “Abba, Father.”"
            },
            {
               "verse": "7",
               "text": "So you are no longer a slave, but God`s child; and since you are his child, God has made you also an heir."
            },
            {
               "verse": "8",
               "text": "Formerly, when you did not know God, you were slaves to those who by nature are not gods."
            },
            {
               "verse": "9",
               "text": "But now that you know God—or rather are known by God—how is it that you are turning back to those weak and miserable forces? Do you wish to be enslaved by them all over again?"
            },
            {
               "verse": "10",
               "text": "You are observing special days and months and seasons and years!"
            },
            {
               "verse": "11",
               "text": "I fear for you, that somehow I have wasted my efforts on you."
            },
            {
               "verse": "12",
               "text": "I plead with you, brothers and sisters, become like me, for I became like you. You did me no wrong."
            },
            {
               "verse": "13",
               "text": "As you know, it was because of an illness that I first preached the gospel to you,"
            },
            {
               "verse": "14",
               "text": "and even though my illness was a trial to you, you did not treat me with contempt or scorn. Instead, you welcomed me as if I were an angel of God, as if I were Christ Jesus himself."
            },
            {
               "verse": "15",
               "text": "Where, then, is your blessing of me now? I can testify that, if you could have done so, you would have torn out your eyes and given them to me."
            },
            {
               "verse": "16",
               "text": "Have I now become your enemy by telling you the truth?"
            },
            {
               "verse": "17",
               "text": "Those people are zealous to win you over, but for no good. What they want is to alienate you from us, so that you may have zeal for them."
            },
            {
               "verse": "18",
               "text": "It is fine to be zealous, provided the purpose is good, and to be so always, not just when I am with you."
            },
            {
               "verse": "19",
               "text": "My dear children, for whom I am again in the pains of childbirth until Christ is formed in you,"
            },
            {
               "verse": "20",
               "text": "how I wish I could be with you now and change my tone, because I am perplexed about you!"
            },
            {
               "verse": "21",
               "text": "Tell me, you who want to be under the law, are you not aware of what the law says?"
            },
            {
               "verse": "22",
               "text": "For it is written that Abraham had two sons, one by the slave woman and the other by the free woman."
            },
            {
               "verse": "23",
               "text": "His son by the slave woman was born according to the flesh, but his son by the free woman was born as the result of a divine promise."
            },
            {
               "verse": "24",
               "text": "These things are being taken figuratively: The women represent two covenants. One covenant is from Mount Sinai and bears children who are to be slaves: This is Hagar."
            },
            {
               "verse": "25",
               "text": "Now Hagar stands for Mount Sinai in Arabia and corresponds to the present city of Jerusalem, because she is in slavery with her children."
            },
            {
               "verse": "26",
               "text": "But the Jerusalem that is above is free, and she is our mother."
            },
            {
               "verse": "27",
               "text": "For it is written: “Be glad, barren woman, you who never bore a child; shout for joy and cry aloud, you who were never in labor; because more are the children of the desolate woman than of her who has a husband.”"
            },
            {
               "verse": "28",
               "text": "Now you, brothers and sisters, like Isaac, are children of promise."
            },
            {
               "verse": "29",
               "text": "At that time the son born according to the flesh persecuted the son born by the power of the Spirit. It is the same now."
            },
            {
               "verse": "30",
               "text": "But what does Scripture say? “Get rid of the slave woman and her son, for the slave woman`s son will never share in the inheritance with the free woman`s son.”"
            },
            {
               "verse": "31",
               "text": "Therefore, brothers and sisters, we are not children of the slave woman, but of the free woman."
            }
         ]
      },
      {
         "chapter": "5",
         "verses": [
            {
               "verse": "1",
               "text": "It is for freedom that Christ has set us free. Stand firm, then, and do not let yourselves be burdened again by a yoke of slavery."
            },
            {
               "verse": "2",
               "text": "Mark my words! I, Paul, tell you that if you let yourselves be circumcised, Christ will be of no value to you at all."
            },
            {
               "verse": "3",
               "text": "Again I declare to every man who lets himself be circumcised that he is obligated to obey the whole law."
            },
            {
               "verse": "4",
               "text": "You who are trying to be justified by the law have been alienated from Christ; you have fallen away from grace."
            },
            {
               "verse": "5",
               "text": "For through the Spirit we eagerly await by faith the righteousness for which we hope."
            },
            {
               "verse": "6",
               "text": "For in Christ Jesus neither circumcision nor uncircumcision has any value. The only thing that counts is faith expressing itself through love."
            },
            {
               "verse": "7",
               "text": "You were running a good race. Who cut in on you to keep you from obeying the truth?"
            },
            {
               "verse": "8",
               "text": "That kind of persuasion does not come from the one who calls you."
            },
            {
               "verse": "9",
               "text": "“A little yeast works through the whole batch of dough.”"
            },
            {
               "verse": "10",
               "text": "I am confident in the Lord that you will take no other view. The one who is throwing you into confusion, whoever that may be, will have to pay the penalty."
            },
            {
               "verse": "11",
               "text": "Brothers and sisters, if I am still preaching circumcision, why am I still being persecuted? In that case the offense of the cross has been abolished."
            },
            {
               "verse": "12",
               "text": "As for those agitators, I wish they would go the whole way and emasculate themselves!"
            },
            {
               "verse": "13",
               "text": "You, my brothers and sisters, were called to be free. But do not use your freedom to indulge the flesh; rather, serve one another humbly in love."
            },
            {
               "verse": "14",
               "text": "For the entire law is fulfilled in keeping this one command: “Love your neighbor as yourself.”"
            },
            {
               "verse": "15",
               "text": "If you bite and devour each other, watch out or you will be destroyed by each other."
            },
            {
               "verse": "16",
               "text": "So I say, walk by the Spirit, and you will not gratify the desires of the flesh."
            },
            {
               "verse": "17",
               "text": "For the flesh desires what is contrary to the Spirit, and the Spirit what is contrary to the flesh. They are in conflict with each other, so that you are not to do whatever you want."
            },
            {
               "verse": "18",
               "text": "But if you are led by the Spirit, you are not under the law."
            },
            {
               "verse": "19",
               "text": "The acts of the flesh are obvious: sexual immorality, impurity and debauchery;"
            },
            {
               "verse": "20",
               "text": "idolatry and witchcraft; hatred, discord, jealousy, fits of rage, selfish ambition, dissensions, factions"
            },
            {
               "verse": "21",
               "text": "and envy; drunkenness, orgies, and the like. I warn you, as I did before, that those who live like this will not inherit the kingdom of God."
            },
            {
               "verse": "22",
               "text": "But the fruit of the Spirit is love, joy, peace, forbearance, kindness, goodness, faithfulness,"
            },
            {
               "verse": "23",
               "text": "gentleness and self-control. Against such things there is no law."
            },
            {
               "verse": "24",
               "text": "Those who belong to Christ Jesus have crucified the flesh with its passions and desires."
            },
            {
               "verse": "25",
               "text": "Since we live by the Spirit, let us keep in step with the Spirit."
            },
            {
               "verse": "26",
               "text": "Let us not become conceited, provoking and envying each other."
            }
         ]
      },
      {
         "chapter": "6",
         "verses": [
            {
               "verse": "1",
               "text": "Brothers and sisters, if someone is caught in a sin, you who live by the Spirit should restore that person gently. But watch yourselves, or you also may be tempted."
            },
            {
               "verse": "2",
               "text": "Carry each other`s burdens, and in this way you will fulfill the law of Christ."
            },
            {
               "verse": "3",
               "text": "If anyone thinks they are something when they are not, they deceive themselves."
            },
            {
               "verse": "4",
               "text": "Each one should test their own actions. Then they can take pride in themselves alone, without comparing themselves to someone else,"
            },
            {
               "verse": "5",
               "text": "for each one should carry their own load."
            },
            {
               "verse": "6",
               "text": "Nevertheless, the one who receives instruction in the word should share all good things with their instructor."
            },
            {
               "verse": "7",
               "text": "Do not be deceived: God cannot be mocked. A man reaps what he sows."
            },
            {
               "verse": "8",
               "text": "Whoever sows to please their flesh, from the flesh will reap destruction; whoever sows to please the Spirit, from the Spirit will reap eternal life."
            },
            {
               "verse": "9",
               "text": "Let us not become weary in doing good, for at the proper time we will reap a harvest if we do not give up."
            },
            {
               "verse": "10",
               "text": "Therefore, as we have opportunity, let us do good to all people, especially to those who belong to the family of believers."
            },
            {
               "verse": "11",
               "text": "See what large letters I use as I write to you with my own hand!"
            },
            {
               "verse": "12",
               "text": "Those who want to impress people by means of the flesh are trying to compel you to be circumcised. The only reason they do this is to avoid being persecuted for the cross of Christ."
            },
            {
               "verse": "13",
               "text": "Not even those who are circumcised keep the law, yet they want you to be circumcised that they may boast about your circumcision in the flesh."
            },
            {
               "verse": "14",
               "text": "May I never boast except in the cross of our Lord Jesus Christ, through which the world has been crucified to me, and I to the world."
            },
            {
               "verse": "15",
               "text": "Neither circumcision nor uncircumcision means anything; what counts is the new creation."
            },
            {
               "verse": "16",
               "text": "Peace and mercy to all who follow this rule—to the Israel of God."
            },
            {
               "verse": "17",
               "text": "From now on, let no one cause me trouble, for I bear on my body the marks of Jesus."
            },
            {
               "verse": "18",
               "text": "The grace of our Lord Jesus Christ be with your spirit, brothers and sisters. Amen."
            }
         ]
      }
   ]
}