{
   "book": "Haggai",
   "count": 2,
   "chapters": [
      {
         "chapter": "1",
         "verses": [
            {
               "verse": "1",
               "text": "In the second year of King Darius, on the first day of the sixth month, the word of the Lord came through the prophet Haggai to Zerubbabel son of Shealtiel, governor of Judah, and to Joshua son of Jozadak, the high priest:"
            },
            {
               "verse": "2",
               "text": "This is what the Lord Almighty says: “These people say, ‘The time has not yet come to rebuild the Lord`s house.`”"
            },
            {
               "verse": "3",
               "text": "Then the word of the Lord came through the prophet Haggai:"
            },
            {
               "verse": "4",
               "text": "“Is it a time for you yourselves to be living in your paneled houses, while this house remains a ruin?”"
            },
            {
               "verse": "5",
               "text": "Now this is what the Lord Almighty says: “Give careful thought to your ways."
            },
            {
               "verse": "6",
               "text": "You have planted much, but harvested little. You eat, but never have enough. You drink, but never have your fill. You put on clothes, but are not warm. You earn wages, only to put them in a purse with holes in it.”"
            },
            {
               "verse": "7",
               "text": "This is what the Lord Almighty says: “Give careful thought to your ways."
            },
            {
               "verse": "8",
               "text": "Go up into the mountains and bring down timber and build my house, so that I may take pleasure in it and be honored,” says the Lord."
            },
            {
               "verse": "9",
               "text": "“You expected much, but see, it turned out to be little. What you brought home, I blew away. Why?” declares the Lord Almighty. “Because of my house, which remains a ruin, while each of you is busy with your own house."
            },
            {
               "verse": "10",
               "text": "Therefore, because of you the heavens have withheld their dew and the earth its crops."
            },
            {
               "verse": "11",
               "text": "I called for a drought on the fields and the mountains, on the grain, the new wine, the olive oil and everything else the ground produces, on people and livestock, and on all the labor of your hands.”"
            },
            {
               "verse": "12",
               "text": "Then Zerubbabel son of Shealtiel, Joshua son of Jozadak, the high priest, and the whole remnant of the people obeyed the voice of the Lord their God and the message of the prophet Haggai, because the Lord their God had sent him. And the people feared the Lord."
            },
            {
               "verse": "13",
               "text": "Then Haggai, the Lord`s messenger, gave this message of the Lord to the people: “I am with you,” declares the Lord."
            },
            {
               "verse": "14",
               "text": "So the Lord stirred up the spirit of Zerubbabel son of Shealtiel, governor of Judah, and the spirit of Joshua son of Jozadak, the high priest, and the spirit of the whole remnant of the people. They came and began to work on the house of the Lord Almighty, their God,"
            },
            {
               "verse": "15",
               "text": "on the twenty-fourth day of the sixth month. In the second year of King Darius,"
            }
         ]
      },
      {
         "chapter": "2",
         "verses": [
            {
               "verse": "1",
               "text": "on the twenty-first day of the seventh month, the word of the Lord came through the prophet Haggai:"
            },
            {
               "verse": "2",
               "text": "“Speak to Zerubbabel son of Shealtiel, governor of Judah, to Joshua son of Jozadak, the high priest, and to the remnant of the people. Ask them,"
            },
            {
               "verse": "3",
               "text": "‘Who of you is left who saw this house in its former glory? How does it look to you now? Does it not seem to you like nothing?"
            },
            {
               "verse": "4",
               "text": "But now be strong, Zerubbabel,` declares the Lord. ‘Be strong, Joshua son of Jozadak, the high priest. Be strong, all you people of the land,` declares the Lord, ‘and work. For I am with you,` declares the Lord Almighty."
            },
            {
               "verse": "5",
               "text": "‘This is what I covenanted with you when you came out of Egypt. And my Spirit remains among you. Do not fear.`"
            },
            {
               "verse": "6",
               "text": "“This is what the Lord Almighty says: ‘In a little while I will once more shake the heavens and the earth, the sea and the dry land."
            },
            {
               "verse": "7",
               "text": "I will shake all nations, and what is desired by all nations will come, and I will fill this house with glory,` says the Lord Almighty."
            },
            {
               "verse": "8",
               "text": "‘The silver is mine and the gold is mine,` declares the Lord Almighty."
            },
            {
               "verse": "9",
               "text": "‘The glory of this present house will be greater than the glory of the former house,` says the Lord Almighty. ‘And in this place I will grant peace,` declares the Lord Almighty.”"
            },
            {
               "verse": "10",
               "text": "On the twenty-fourth day of the ninth month, in the second year of Darius, the word of the Lord came to the prophet Haggai:"
            },
            {
               "verse": "11",
               "text": "“This is what the Lord Almighty says: ‘Ask the priests what the law says:"
            },
            {
               "verse": "12",
               "text": "If someone carries consecrated meat in the fold of their garment, and that fold touches some bread or stew, some wine, olive oil or other food, does it become consecrated?`” The priests answered, “No.”"
            },
            {
               "verse": "13",
               "text": "Then Haggai said, “If a person defiled by contact with a dead body touches one of these things, does it become defiled?” “Yes,” the priests replied, “it becomes defiled.”"
            },
            {
               "verse": "14",
               "text": "Then Haggai said, “‘So it is with this people and this nation in my sight,` declares the Lord. ‘Whatever they do and whatever they offer there is defiled."
            },
            {
               "verse": "15",
               "text": "“‘Now give careful thought to this from this day on—consider how things were before one stone was laid on another in the Lord`s temple."
            },
            {
               "verse": "16",
               "text": "When anyone came to a heap of twenty measures, there were only ten. When anyone went to a wine vat to draw fifty measures, there were only twenty."
            },
            {
               "verse": "17",
               "text": "I struck all the work of your hands with blight, mildew and hail, yet you did not return to me,` declares the Lord."
            },
            {
               "verse": "18",
               "text": "‘From this day on, from this twenty-fourth day of the ninth month, give careful thought to the day when the foundation of the Lord`s temple was laid. Give careful thought:"
            },
            {
               "verse": "19",
               "text": "Is there yet any seed left in the barn? Until now, the vine and the fig tree, the pomegranate and the olive tree have not borne fruit. “‘From this day on I will bless you.`”"
            },
            {
               "verse": "20",
               "text": "The word of the Lord came to Haggai a second time on the twenty-fourth day of the month:"
            },
            {
               "verse": "21",
               "text": "“Tell Zerubbabel governor of Judah that I am going to shake the heavens and the earth."
            },
            {
               "verse": "22",
               "text": "I will overturn royal thrones and shatter the power of the foreign kingdoms. I will overthrow chariots and their drivers; horses and their riders will fall, each by the sword of his brother."
            },
            {
               "verse": "23",
               "text": "“‘On that day,` declares the Lord Almighty, ‘I will take you, my servant Zerubbabel son of Shealtiel,` declares the Lord, ‘and I will make you like my signet ring, for I have chosen you,` declares the Lord Almighty.”"
            }
         ]
      }
   ]
}