{
   "book": "Nahum",
   "count": 3,
   "chapters": [
      {
         "chapter": "1",
         "verses": [
            {
               "verse": "1",
               "text": "A prophecy concerning Nineveh. The book of the vision of Nahum the Elkoshite."
            },
            {
               "verse": "2",
               "text": "The Lord is a jealous and avenging God; the Lord takes vengeance and is filled with wrath. The Lord takes vengeance on his foes and vents his wrath against his enemies."
            },
            {
               "verse": "3",
               "text": "The Lord is slow to anger but great in power; the Lord will not leave the guilty unpunished. His way is in the whirlwind and the storm, and clouds are the dust of his feet."
            },
            {
               "verse": "4",
               "text": "He rebukes the sea and dries it up; he makes all the rivers run dry. Bashan and Carmel wither and the blossoms of Lebanon fade."
            },
            {
               "verse": "5",
               "text": "The mountains quake before him and the hills melt away. The earth trembles at his presence, the world and all who live in it."
            },
            {
               "verse": "6",
               "text": "Who can withstand his indignation? Who can endure his fierce anger? His wrath is poured out like fire; the rocks are shattered before him."
            },
            {
               "verse": "7",
               "text": "The Lord is good, a refuge in times of trouble. He cares for those who trust in him,"
            },
            {
               "verse": "8",
               "text": "but with an overwhelming flood he will make an end of Nineveh; he will pursue his foes into the realm of darkness."
            },
            {
               "verse": "9",
               "text": "Whatever they plot against the Lord he will bring to an end; trouble will not come a second time."
            },
            {
               "verse": "10",
               "text": "They will be entangled among thorns and drunk from their wine; they will be consumed like dry stubble."
            },
            {
               "verse": "11",
               "text": "From you, Nineveh, has one come forth who plots evil against the Lord and devises wicked plans."
            },
            {
               "verse": "12",
               "text": "This is what the Lord says: “Although they have allies and are numerous, they will be destroyed and pass away. Although I have afflicted you, Judah, I will afflict you no more."
            },
            {
               "verse": "13",
               "text": "Now I will break their yoke from your neck and tear your shackles away.”"
            },
            {
               "verse": "14",
               "text": "The Lord has given a command concerning you, Nineveh: “You will have no descendants to bear your name. I will destroy the images and idols that are in the temple of your gods. I will prepare your grave, for you are vile.”"
            },
            {
               "verse": "15",
               "text": "Look, there on the mountains, the feet of one who brings good news, who proclaims peace! Celebrate your festivals, Judah, and fulfill your vows. No more will the wicked invade you; they will be completely destroyed."
            }
         ]
      },
      {
         "chapter": "2",
         "verses": [
            {
               "verse": "1",
               "text": "An attacker advances against you, Nineveh. Guard the fortress, watch the road, brace yourselves, marshal all your strength!"
            },
            {
               "verse": "2",
               "text": "The Lord will restore the splendor of Jacob like the splendor of Israel, though destroyers have laid them waste and have ruined their vines."
            },
            {
               "verse": "3",
               "text": "The shields of the soldiers are red; the warriors are clad in scarlet. The metal on the chariots flashes on the day they are made ready; the spears of juniper are brandished."
            },
            {
               "verse": "4",
               "text": "The chariots storm through the streets, rushing back and forth through the squares. They look like flaming torches; they dart about like lightning."
            },
            {
               "verse": "5",
               "text": "Nineveh summons her picked troops, yet they stumble on their way. They dash to the city wall; the protective shield is put in place."
            },
            {
               "verse": "6",
               "text": "The river gates are thrown open and the palace collapses."
            },
            {
               "verse": "7",
               "text": "It is decreed that Nineveh be exiled and carried away. Her female slaves moan like doves and beat on their breasts."
            },
            {
               "verse": "8",
               "text": "Nineveh is like a pool whose water is draining away. “Stop! Stop!” they cry, but no one turns back."
            },
            {
               "verse": "9",
               "text": "Plunder the silver! Plunder the gold! The supply is endless, the wealth from all its treasures!"
            },
            {
               "verse": "10",
               "text": "She is pillaged, plundered, stripped! Hearts melt, knees give way, bodies tremble, every face grows pale."
            },
            {
               "verse": "11",
               "text": "Where now is the lions` den, the place where they fed their young, where the lion and lioness went, and the cubs, with nothing to fear?"
            },
            {
               "verse": "12",
               "text": "The lion killed enough for his cubs and strangled the prey for his mate, filling his lairs with the kill and his dens with the prey."
            },
            {
               "verse": "13",
               "text": "“I am against you,” declares the Lord Almighty. “I will burn up your chariots in smoke, and the sword will devour your young lions. I will leave you no prey on the earth. The voices of your messengers will no longer be heard.”"
            }
         ]
      },
      {
         "chapter": "3",
         "verses": [
            {
               "verse": "1",
               "text": "Woe to the city of blood, full of lies, full of plunder, never without victims!"
            },
            {
               "verse": "2",
               "text": "The crack of whips, the clatter of wheels, galloping horses and jolting chariots!"
            },
            {
               "verse": "3",
               "text": "Charging cavalry, flashing swords and glittering spears! Many casualties, piles of dead, bodies without number, people stumbling over the corpses—"
            },
            {
               "verse": "4",
               "text": "all because of the wanton lust of a prostitute, alluring, the mistress of sorceries, who enslaved nations by her prostitution and peoples by her witchcraft."
            },
            {
               "verse": "5",
               "text": "“I am against you,” declares the Lord Almighty. “I will lift your skirts over your face. I will show the nations your nakedness and the kingdoms your shame."
            },
            {
               "verse": "6",
               "text": "I will pelt you with filth, I will treat you with contempt and make you a spectacle."
            },
            {
               "verse": "7",
               "text": "All who see you will flee from you and say, ‘Nineveh is in ruins—who will mourn for her?` Where can I find anyone to comfort you?”"
            },
            {
               "verse": "8",
               "text": "Are you better than Thebes, situated on the Nile, with water around her? The river was her defense, the waters her wall."
            },
            {
               "verse": "9",
               "text": "Cush and Egypt were her boundless strength; Put and Libya were among her allies."
            },
            {
               "verse": "10",
               "text": "Yet she was taken captive and went into exile. Her infants were dashed to pieces at every street corner. Lots were cast for her nobles, and all her great men were put in chains."
            },
            {
               "verse": "11",
               "text": "You too will become drunk; you will go into hiding and seek refuge from the enemy."
            },
            {
               "verse": "12",
               "text": "All your fortresses are like fig trees with their first ripe fruit; when they are shaken, the figs fall into the mouth of the eater."
            },
            {
               "verse": "13",
               "text": "Look at your troops— they are all weaklings. The gates of your land are wide open to your enemies; fire has consumed the bars of your gates."
            },
            {
               "verse": "14",
               "text": "Draw water for the siege, strengthen your defenses! Work the clay, tread the mortar, repair the brickwork!"
            },
            {
               "verse": "15",
               "text": "There the fire will consume you; the sword will cut you down— they will devour you like a swarm of locusts. Multiply like grasshoppers, multiply like locusts!"
            },
            {
               "verse": "16",
               "text": "You have increased the number of your merchants till they are more numerous than the stars in the sky, but like locusts they strip the land and then fly away."
            },
            {
               "verse": "17",
               "text": "Your guards are like locusts, your officials like swarms of locusts that settle in the walls on a cold day— but when the sun appears they fly away, and no one knows where."
            },
            {
               "verse": "18",
               "text": "King of Assyria, your shepherds slumber; your nobles lie down to rest. Your people are scattered on the mountains with no one to gather them."
            },
            {
               "verse": "19",
               "text": "Nothing can heal you; your wound is fatal. All who hear the news about you clap their hands at your fall, for who has not felt your endless cruelty?"
            }
         ]
      }
   ]
}