{
   "book": "Nehemiah",
   "count": 13,
   "chapters": [
      {
         "chapter": "1",
         "verses": [
            {
               "verse": "1",
               "text": "The words of Nehemiah son of Hakaliah: In the month of Kislev in the twentieth year, while I was in the citadel of Susa,"
            },
            {
               "verse": "2",
               "text": "Hanani, one of my brothers, came from Judah with some other men, and I questioned them about the Jewish remnant that had survived the exile, and also about Jerusalem."
            },
            {
               "verse": "3",
               "text": "They said to me, “Those who survived the exile and are back in the province are in great trouble and disgrace. The wall of Jerusalem is broken down, and its gates have been burned with fire.”"
            },
            {
               "verse": "4",
               "text": "When I heard these things, I sat down and wept. For some days I mourned and fasted and prayed before the God of heaven."
            },
            {
               "verse": "5",
               "text": "Then I said: “Lord, the God of heaven, the great and awesome God, who keeps his covenant of love with those who love him and keep his commandments,"
            },
            {
               "verse": "6",
               "text": "let your ear be attentive and your eyes open to hear the prayer your servant is praying before you day and night for your servants, the people of Israel. I confess the sins we Israelites, including myself and my father`s family, have committed against you."
            },
            {
               "verse": "7",
               "text": "We have acted very wickedly toward you. We have not obeyed the commands, decrees and laws you gave your servant Moses."
            },
            {
               "verse": "8",
               "text": "“Remember the instruction you gave your servant Moses, saying, ‘If you are unfaithful, I will scatter you among the nations,"
            },
            {
               "verse": "9",
               "text": "but if you return to me and obey my commands, then even if your exiled people are at the farthest horizon, I will gather them from there and bring them to the place I have chosen as a dwelling for my Name.`"
            },
            {
               "verse": "10",
               "text": "“They are your servants and your people, whom you redeemed by your great strength and your mighty hand."
            },
            {
               "verse": "11",
               "text": "Lord, let your ear be attentive to the prayer of this your servant and to the prayer of your servants who delight in revering your name. Give your servant success today by granting him favor in the presence of this man.” I was cupbearer to the king."
            }
         ]
      },
      {
         "chapter": "2",
         "verses": [
            {
               "verse": "1",
               "text": "In the month of Nisan in the twentieth year of King Artaxerxes, when wine was brought for him, I took the wine and gave it to the king. I had not been sad in his presence before,"
            },
            {
               "verse": "2",
               "text": "so the king asked me, “Why does your face look so sad when you are not ill? This can be nothing but sadness of heart.” I was very much afraid,"
            },
            {
               "verse": "3",
               "text": "but I said to the king, “May the king live forever! Why should my face not look sad when the city where my ancestors are buried lies in ruins, and its gates have been destroyed by fire?”"
            },
            {
               "verse": "4",
               "text": "The king said to me, “What is it you want?” Then I prayed to the God of heaven,"
            },
            {
               "verse": "5",
               "text": "and I answered the king, “If it pleases the king and if your servant has found favor in his sight, let him send me to the city in Judah where my ancestors are buried so that I can rebuild it.”"
            },
            {
               "verse": "6",
               "text": "Then the king, with the queen sitting beside him, asked me, “How long will your journey take, and when will you get back?” It pleased the king to send me; so I set a time."
            },
            {
               "verse": "7",
               "text": "I also said to him, “If it pleases the king, may I have letters to the governors of Trans-Euphrates, so that they will provide me safe-conduct until I arrive in Judah?"
            },
            {
               "verse": "8",
               "text": "And may I have a letter to Asaph, keeper of the royal park, so he will give me timber to make beams for the gates of the citadel by the temple and for the city wall and for the residence I will occupy?” And because the gracious hand of my God was on me, the king granted my requests."
            },
            {
               "verse": "9",
               "text": "So I went to the governors of Trans-Euphrates and gave them the king`s letters. The king had also sent army officers and cavalry with me."
            },
            {
               "verse": "10",
               "text": "When Sanballat the Horonite and Tobiah the Ammonite official heard about this, they were very much disturbed that someone had come to promote the welfare of the Israelites."
            },
            {
               "verse": "11",
               "text": "I went to Jerusalem, and after staying there three days"
            },
            {
               "verse": "12",
               "text": "I set out during the night with a few others. I had not told anyone what my God had put in my heart to do for Jerusalem. There were no mounts with me except the one I was riding on."
            },
            {
               "verse": "13",
               "text": "By night I went out through the Valley Gate toward the Jackal Well and the Dung Gate, examining the walls of Jerusalem, which had been broken down, and its gates, which had been destroyed by fire."
            },
            {
               "verse": "14",
               "text": "Then I moved on toward the Fountain Gate and the King`s Pool, but there was not enough room for my mount to get through;"
            },
            {
               "verse": "15",
               "text": "so I went up the valley by night, examining the wall. Finally, I turned back and reentered through the Valley Gate."
            },
            {
               "verse": "16",
               "text": "The officials did not know where I had gone or what I was doing, because as yet I had said nothing to the Jews or the priests or nobles or officials or any others who would be doing the work."
            },
            {
               "verse": "17",
               "text": "Then I said to them, “You see the trouble we are in: Jerusalem lies in ruins, and its gates have been burned with fire. Come, let us rebuild the wall of Jerusalem, and we will no longer be in disgrace.”"
            },
            {
               "verse": "18",
               "text": "I also told them about the gracious hand of my God on me and what the king had said to me. They replied, “Let us start rebuilding.” So they began this good work."
            },
            {
               "verse": "19",
               "text": "But when Sanballat the Horonite, Tobiah the Ammonite official and Geshem the Arab heard about it, they mocked and ridiculed us. “What is this you are doing?” they asked. “Are you rebelling against the king?”"
            },
            {
               "verse": "20",
               "text": "I answered them by saying, “The God of heaven will give us success. We his servants will start rebuilding, but as for you, you have no share in Jerusalem or any claim or historic right to it.”"
            }
         ]
      },
      {
         "chapter": "3",
         "verses": [
            {
               "verse": "1",
               "text": "Eliashib the high priest and his fellow priests went to work and rebuilt the Sheep Gate. They dedicated it and set its doors in place, building as far as the Tower of the Hundred, which they dedicated, and as far as the Tower of Hananel."
            },
            {
               "verse": "2",
               "text": "The men of Jericho built the adjoining section, and Zakkur son of Imri built next to them."
            },
            {
               "verse": "3",
               "text": "The Fish Gate was rebuilt by the sons of Hassenaah. They laid its beams and put its doors and bolts and bars in place."
            },
            {
               "verse": "4",
               "text": "Meremoth son of Uriah, the son of Hakkoz, repaired the next section. Next to him Meshullam son of Berekiah, the son of Meshezabel, made repairs, and next to him Zadok son of Baana also made repairs."
            },
            {
               "verse": "5",
               "text": "The next section was repaired by the men of Tekoa, but their nobles would not put their shoulders to the work under their supervisors."
            },
            {
               "verse": "6",
               "text": "The Jeshanah Gate was repaired by Joiada son of Paseah and Meshullam son of Besodeiah. They laid its beams and put its doors with their bolts and bars in place."
            },
            {
               "verse": "7",
               "text": "Next to them, repairs were made by men from Gibeon and Mizpah—Melatiah of Gibeon and Jadon of Meronoth—places under the authority of the governor of Trans-Euphrates."
            },
            {
               "verse": "8",
               "text": "Uzziel son of Harhaiah, one of the goldsmiths, repaired the next section; and Hananiah, one of the perfume-makers, made repairs next to that. They restored Jerusalem as far as the Broad Wall."
            },
            {
               "verse": "9",
               "text": "Rephaiah son of Hur, ruler of a half-district of Jerusalem, repaired the next section."
            },
            {
               "verse": "10",
               "text": "Adjoining this, Jedaiah son of Harumaph made repairs opposite his house, and Hattush son of Hashabneiah made repairs next to him."
            },
            {
               "verse": "11",
               "text": "Malkijah son of Harim and Hasshub son of Pahath-Moab repaired another section and the Tower of the Ovens."
            },
            {
               "verse": "12",
               "text": "Shallum son of Hallohesh, ruler of a half-district of Jerusalem, repaired the next section with the help of his daughters."
            },
            {
               "verse": "13",
               "text": "The Valley Gate was repaired by Hanun and the residents of Zanoah. They rebuilt it and put its doors with their bolts and bars in place. They also repaired a thousand cubits of the wall as far as the Dung Gate."
            },
            {
               "verse": "14",
               "text": "The Dung Gate was repaired by Malkijah son of Rekab, ruler of the district of Beth Hakkerem. He rebuilt it and put its doors with their bolts and bars in place."
            },
            {
               "verse": "15",
               "text": "The Fountain Gate was repaired by Shallun son of Kol-Hozeh, ruler of the district of Mizpah. He rebuilt it, roofing it over and putting its doors and bolts and bars in place. He also repaired the wall of the Pool of Siloam, by the King`s Garden, as far as the steps going down from the City of David."
            },
            {
               "verse": "16",
               "text": "Beyond him, Nehemiah son of Azbuk, ruler of a half-district of Beth Zur, made repairs up to a point opposite the tombs of David, as far as the artificial pool and the House of the Heroes."
            },
            {
               "verse": "17",
               "text": "Next to him, the repairs were made by the Levites under Rehum son of Bani. Beside him, Hashabiah, ruler of half the district of Keilah, carried out repairs for his district."
            },
            {
               "verse": "18",
               "text": "Next to him, the repairs were made by their fellow Levites under Binnui son of Henadad, ruler of the other half-district of Keilah."
            },
            {
               "verse": "19",
               "text": "Next to him, Ezer son of Jeshua, ruler of Mizpah, repaired another section, from a point facing the ascent to the armory as far as the angle of the wall."
            },
            {
               "verse": "20",
               "text": "Next to him, Baruch son of Zabbai zealously repaired another section, from the angle to the entrance of the house of Eliashib the high priest."
            },
            {
               "verse": "21",
               "text": "Next to him, Meremoth son of Uriah, the son of Hakkoz, repaired another section, from the entrance of Eliashib`s house to the end of it."
            },
            {
               "verse": "22",
               "text": "The repairs next to him were made by the priests from the surrounding region."
            },
            {
               "verse": "23",
               "text": "Beyond them, Benjamin and Hasshub made repairs in front of their house; and next to them, Azariah son of Maaseiah, the son of Ananiah, made repairs beside his house."
            },
            {
               "verse": "24",
               "text": "Next to him, Binnui son of Henadad repaired another section, from Azariah`s house to the angle and the corner,"
            },
            {
               "verse": "25",
               "text": "and Palal son of Uzai worked opposite the angle and the tower projecting from the upper palace near the court of the guard. Next to him, Pedaiah son of Parosh"
            },
            {
               "verse": "26",
               "text": "and the temple servants living on the hill of Ophel made repairs up to a point opposite the Water Gate toward the east and the projecting tower."
            },
            {
               "verse": "27",
               "text": "Next to them, the men of Tekoa repaired another section, from the great projecting tower to the wall of Ophel."
            },
            {
               "verse": "28",
               "text": "Above the Horse Gate, the priests made repairs, each in front of his own house."
            },
            {
               "verse": "29",
               "text": "Next to them, Zadok son of Immer made repairs opposite his house. Next to him, Shemaiah son of Shekaniah, the guard at the East Gate, made repairs."
            },
            {
               "verse": "30",
               "text": "Next to him, Hananiah son of Shelemiah, and Hanun, the sixth son of Zalaph, repaired another section. Next to them, Meshullam son of Berekiah made repairs opposite his living quarters."
            },
            {
               "verse": "31",
               "text": "Next to him, Malkijah, one of the goldsmiths, made repairs as far as the house of the temple servants and the merchants, opposite the Inspection Gate, and as far as the room above the corner;"
            },
            {
               "verse": "32",
               "text": "and between the room above the corner and the Sheep Gate the goldsmiths and merchants made repairs."
            }
         ]
      },
      {
         "chapter": "4",
         "verses": [
            {
               "verse": "1",
               "text": "When Sanballat heard that we were rebuilding the wall, he became angry and was greatly incensed. He ridiculed the Jews,"
            },
            {
               "verse": "2",
               "text": "and in the presence of his associates and the army of Samaria, he said, “What are those feeble Jews doing? Will they restore their wall? Will they offer sacrifices? Will they finish in a day? Can they bring the stones back to life from those heaps of rubble—burned as they are?”"
            },
            {
               "verse": "3",
               "text": "Tobiah the Ammonite, who was at his side, said, “What they are building—even a fox climbing up on it would break down their wall of stones!”"
            },
            {
               "verse": "4",
               "text": "Hear us, our God, for we are despised. Turn their insults back on their own heads. Give them over as plunder in a land of captivity."
            },
            {
               "verse": "5",
               "text": "Do not cover up their guilt or blot out their sins from your sight, for they have thrown insults in the face of the builders."
            },
            {
               "verse": "6",
               "text": "So we rebuilt the wall till all of it reached half its height, for the people worked with all their heart."
            },
            {
               "verse": "7",
               "text": "But when Sanballat, Tobiah, the Arabs, the Ammonites and the people of Ashdod heard that the repairs to Jerusalem`s walls had gone ahead and that the gaps were being closed, they were very angry."
            },
            {
               "verse": "8",
               "text": "They all plotted together to come and fight against Jerusalem and stir up trouble against it."
            },
            {
               "verse": "9",
               "text": "But we prayed to our God and posted a guard day and night to meet this threat."
            },
            {
               "verse": "10",
               "text": "Meanwhile, the people in Judah said, “The strength of the laborers is giving out, and there is so much rubble that we cannot rebuild the wall.”"
            },
            {
               "verse": "11",
               "text": "Also our enemies said, “Before they know it or see us, we will be right there among them and will kill them and put an end to the work.”"
            },
            {
               "verse": "12",
               "text": "Then the Jews who lived near them came and told us ten times over, “Wherever you turn, they will attack us.”"
            },
            {
               "verse": "13",
               "text": "Therefore I stationed some of the people behind the lowest points of the wall at the exposed places, posting them by families, with their swords, spears and bows."
            },
            {
               "verse": "14",
               "text": "After I looked things over, I stood up and said to the nobles, the officials and the rest of the people, “Don`t be afraid of them. Remember the Lord, who is great and awesome, and fight for your families, your sons and your daughters, your wives and your homes.”"
            },
            {
               "verse": "15",
               "text": "When our enemies heard that we were aware of their plot and that God had frustrated it, we all returned to the wall, each to our own work."
            },
            {
               "verse": "16",
               "text": "From that day on, half of my men did the work, while the other half were equipped with spears, shields, bows and armor. The officers posted themselves behind all the people of Judah"
            },
            {
               "verse": "17",
               "text": "who were building the wall. Those who carried materials did their work with one hand and held a weapon in the other,"
            },
            {
               "verse": "18",
               "text": "and each of the builders wore his sword at his side as he worked. But the man who sounded the trumpet stayed with me."
            },
            {
               "verse": "19",
               "text": "Then I said to the nobles, the officials and the rest of the people, “The work is extensive and spread out, and we are widely separated from each other along the wall."
            },
            {
               "verse": "20",
               "text": "Wherever you hear the sound of the trumpet, join us there. Our God will fight for us!”"
            },
            {
               "verse": "21",
               "text": "So we continued the work with half the men holding spears, from the first light of dawn till the stars came out."
            },
            {
               "verse": "22",
               "text": "At that time I also said to the people, “Have every man and his helper stay inside Jerusalem at night, so they can serve us as guards by night and as workers by day.”"
            },
            {
               "verse": "23",
               "text": "Neither I nor my brothers nor my men nor the guards with me took off our clothes; each had his weapon, even when he went for water."
            }
         ]
      },
      {
         "chapter": "5",
         "verses": [
            {
               "verse": "1",
               "text": "Now the men and their wives raised a great outcry against their fellow Jews."
            },
            {
               "verse": "2",
               "text": "Some were saying, “We and our sons and daughters are numerous; in order for us to eat and stay alive, we must get grain.”"
            },
            {
               "verse": "3",
               "text": "Others were saying, “We are mortgaging our fields, our vineyards and our homes to get grain during the famine.”"
            },
            {
               "verse": "4",
               "text": "Still others were saying, “We have had to borrow money to pay the king`s tax on our fields and vineyards."
            },
            {
               "verse": "5",
               "text": "Although we are of the same flesh and blood as our fellow Jews and though our children are as good as theirs, yet we have to subject our sons and daughters to slavery. Some of our daughters have already been enslaved, but we are powerless, because our fields and our vineyards belong to others.”"
            },
            {
               "verse": "6",
               "text": "When I heard their outcry and these charges, I was very angry."
            },
            {
               "verse": "7",
               "text": "I pondered them in my mind and then accused the nobles and officials. I told them, “You are charging your own people interest!” So I called together a large meeting to deal with them"
            },
            {
               "verse": "8",
               "text": "and said: “As far as possible, we have bought back our fellow Jews who were sold to the Gentiles. Now you are selling your own people, only for them to be sold back to us!” They kept quiet, because they could find nothing to say."
            },
            {
               "verse": "9",
               "text": "So I continued, “What you are doing is not right. Shouldn`t you walk in the fear of our God to avoid the reproach of our Gentile enemies?"
            },
            {
               "verse": "10",
               "text": "I and my brothers and my men are also lending the people money and grain. But let us stop charging interest!"
            },
            {
               "verse": "11",
               "text": "Give back to them immediately their fields, vineyards, olive groves and houses, and also the interest you are charging them—one percent of the money, grain, new wine and olive oil.”"
            },
            {
               "verse": "12",
               "text": "“We will give it back,” they said. “And we will not demand anything more from them. We will do as you say.” Then I summoned the priests and made the nobles and officials take an oath to do what they had promised."
            },
            {
               "verse": "13",
               "text": "I also shook out the folds of my robe and said, “In this way may God shake out of their house and possessions anyone who does not keep this promise. So may such a person be shaken out and emptied!” At this the whole assembly said, “Amen,” and praised the Lord. And the people did as they had promised."
            },
            {
               "verse": "14",
               "text": "Moreover, from the twentieth year of King Artaxerxes, when I was appointed to be their governor in the land of Judah, until his thirty-second year—twelve years—neither I nor my brothers ate the food allotted to the governor."
            },
            {
               "verse": "15",
               "text": "But the earlier governors—those preceding me—placed a heavy burden on the people and took forty shekels of silver from them in addition to food and wine. Their assistants also lorded it over the people. But out of reverence for God I did not act like that."
            },
            {
               "verse": "16",
               "text": "Instead, I devoted myself to the work on this wall. All my men were assembled there for the work; we did not acquire any land."
            },
            {
               "verse": "17",
               "text": "Furthermore, a hundred and fifty Jews and officials ate at my table, as well as those who came to us from the surrounding nations."
            },
            {
               "verse": "18",
               "text": "Each day one ox, six choice sheep and some poultry were prepared for me, and every ten days an abundant supply of wine of all kinds. In spite of all this, I never demanded the food allotted to the governor, because the demands were heavy on these people."
            },
            {
               "verse": "19",
               "text": "Remember me with favor, my God, for all I have done for these people."
            }
         ]
      },
      {
         "chapter": "6",
         "verses": [
            {
               "verse": "1",
               "text": "When word came to Sanballat, Tobiah, Geshem the Arab and the rest of our enemies that I had rebuilt the wall and not a gap was left in it—though up to that time I had not set the doors in the gates—"
            },
            {
               "verse": "2",
               "text": "Sanballat and Geshem sent me this message: “Come, let us meet together in one of the villages on the plain of Ono.” But they were scheming to harm me;"
            },
            {
               "verse": "3",
               "text": "so I sent messengers to them with this reply: “I am carrying on a great project and cannot go down. Why should the work stop while I leave it and go down to you?”"
            },
            {
               "verse": "4",
               "text": "Four times they sent me the same message, and each time I gave them the same answer."
            },
            {
               "verse": "5",
               "text": "Then, the fifth time, Sanballat sent his aide to me with the same message, and in his hand was an unsealed letter"
            },
            {
               "verse": "6",
               "text": "in which was written: “It is reported among the nations—and Geshem says it is true—that you and the Jews are plotting to revolt, and therefore you are building the wall. Moreover, according to these reports you are about to become their king"
            },
            {
               "verse": "7",
               "text": "and have even appointed prophets to make this proclamation about you in Jerusalem: ‘There is a king in Judah!` Now this report will get back to the king; so come, let us meet together.”"
            },
            {
               "verse": "8",
               "text": "I sent him this reply: “Nothing like what you are saying is happening; you are just making it up out of your head.”"
            },
            {
               "verse": "9",
               "text": "They were all trying to frighten us, thinking, “Their hands will get too weak for the work, and it will not be completed.” But I prayed, “Now strengthen my hands.”"
            },
            {
               "verse": "10",
               "text": "One day I went to the house of Shemaiah son of Delaiah, the son of Mehetabel, who was shut in at his home. He said, “Let us meet in the house of God, inside the temple, and let us close the temple doors, because men are coming to kill you—by night they are coming to kill you.”"
            },
            {
               "verse": "11",
               "text": "But I said, “Should a man like me run away? Or should someone like me go into the temple to save his life? I will not go!”"
            },
            {
               "verse": "12",
               "text": "I realized that God had not sent him, but that he had prophesied against me because Tobiah and Sanballat had hired him."
            },
            {
               "verse": "13",
               "text": "He had been hired to intimidate me so that I would commit a sin by doing this, and then they would give me a bad name to discredit me."
            },
            {
               "verse": "14",
               "text": "Remember Tobiah and Sanballat, my God, because of what they have done; remember also the prophet Noadiah and how she and the rest of the prophets have been trying to intimidate me."
            },
            {
               "verse": "15",
               "text": "So the wall was completed on the twenty-fifth of Elul, in fifty-two days."
            },
            {
               "verse": "16",
               "text": "When all our enemies heard about this, all the surrounding nations were afraid and lost their self-confidence, because they realized that this work had been done with the help of our God."
            },
            {
               "verse": "17",
               "text": "Also, in those days the nobles of Judah were sending many letters to Tobiah, and replies from Tobiah kept coming to them."
            },
            {
               "verse": "18",
               "text": "For many in Judah were under oath to him, since he was son-in-law to Shekaniah son of Arah, and his son Jehohanan had married the daughter of Meshullam son of Berekiah."
            },
            {
               "verse": "19",
               "text": "Moreover, they kept reporting to me his good deeds and then telling him what I said. And Tobiah sent letters to intimidate me."
            }
         ]
      },
      {
         "chapter": "7",
         "verses": [
            {
               "verse": "1",
               "text": "After the wall had been rebuilt and I had set the doors in place, the gatekeepers, the musicians and the Levites were appointed."
            },
            {
               "verse": "2",
               "text": "I put in charge of Jerusalem my brother Hanani, along with Hananiah the commander of the citadel, because he was a man of integrity and feared God more than most people do."
            },
            {
               "verse": "3",
               "text": "I said to them, “The gates of Jerusalem are not to be opened until the sun is hot. While the gatekeepers are still on duty, have them shut the doors and bar them. Also appoint residents of Jerusalem as guards, some at their posts and some near their own houses.”"
            },
            {
               "verse": "4",
               "text": "Now the city was large and spacious, but there were few people in it, and the houses had not yet been rebuilt."
            },
            {
               "verse": "5",
               "text": "So my God put it into my heart to assemble the nobles, the officials and the common people for registration by families. I found the genealogical record of those who had been the first to return. This is what I found written there:"
            },
            {
               "verse": "6",
               "text": "These are the people of the province who came up from the captivity of the exiles whom Nebuchadnezzar king of Babylon had taken captive (they returned to Jerusalem and Judah, each to his own town,"
            },
            {
               "verse": "7",
               "text": "in company with Zerubbabel, Joshua, Nehemiah, Azariah, Raamiah, Nahamani, Mordecai, Bilshan, Mispereth, Bigvai, Nehum and Baanah): The list of the men of Israel:"
            },
            {
               "verse": "8",
               "text": "the descendants of Parosh 2,172"
            },
            {
               "verse": "9",
               "text": "of Shephatiah 372"
            },
            {
               "verse": "10",
               "text": "of Arah 652"
            },
            {
               "verse": "11",
               "text": "of Pahath-Moab (through the line of Jeshua and Joab) 2,818"
            },
            {
               "verse": "12",
               "text": "of Elam 1,254"
            },
            {
               "verse": "13",
               "text": "of Zattu 845"
            },
            {
               "verse": "14",
               "text": "of Zakkai 760"
            },
            {
               "verse": "15",
               "text": "of Binnui 648"
            },
            {
               "verse": "16",
               "text": "of Bebai 628"
            },
            {
               "verse": "17",
               "text": "of Azgad 2,322"
            },
            {
               "verse": "18",
               "text": "of Adonikam 667"
            },
            {
               "verse": "19",
               "text": "of Bigvai 2,067"
            },
            {
               "verse": "20",
               "text": "of Adin 655"
            },
            {
               "verse": "21",
               "text": "of Ater (through Hezekiah) 98"
            },
            {
               "verse": "22",
               "text": "of Hashum 328"
            },
            {
               "verse": "23",
               "text": "of Bezai 324"
            },
            {
               "verse": "24",
               "text": "of Hariph 112"
            },
            {
               "verse": "25",
               "text": "of Gibeon 95"
            },
            {
               "verse": "26",
               "text": "the men of Bethlehem and Netophah 188"
            },
            {
               "verse": "27",
               "text": "of Anathoth 128"
            },
            {
               "verse": "28",
               "text": "of Beth Azmaveth 42"
            },
            {
               "verse": "29",
               "text": "of Kiriath Jearim, Kephirah and Beeroth 743"
            },
            {
               "verse": "30",
               "text": "of Ramah and Geba 621"
            },
            {
               "verse": "31",
               "text": "of Mikmash 122"
            },
            {
               "verse": "32",
               "text": "of Bethel and Ai 123"
            },
            {
               "verse": "33",
               "text": "of the other Nebo 52"
            },
            {
               "verse": "34",
               "text": "of the other Elam 1,254"
            },
            {
               "verse": "35",
               "text": "of Harim 320"
            },
            {
               "verse": "36",
               "text": "of Jericho 345"
            },
            {
               "verse": "37",
               "text": "of Lod, Hadid and Ono 721"
            },
            {
               "verse": "38",
               "text": "of Senaah 3,930"
            },
            {
               "verse": "39",
               "text": "The priests:the descendants of Jedaiah (through the family of Jeshua) 973"
            },
            {
               "verse": "40",
               "text": "of Immer 1,052"
            },
            {
               "verse": "41",
               "text": "of Pashhur 1,247"
            },
            {
               "verse": "42",
               "text": "of Harim 1,017"
            },
            {
               "verse": "43",
               "text": "The Levites:the descendants of Jeshua (through Kadmiel through the line of Hodaviah) 74"
            },
            {
               "verse": "44",
               "text": "The musicians:the descendants of Asaph 148"
            },
            {
               "verse": "45",
               "text": "The gatekeepers:the descendants of Shallum, Ater, Talmon, Akkub, Hatita and Shobai138"
            },
            {
               "verse": "46",
               "text": "The temple servants:the descendants ofZiha, Hasupha, Tabbaoth,"
            },
            {
               "verse": "47",
               "text": "Keros, Sia, Padon,"
            },
            {
               "verse": "48",
               "text": "Lebana, Hagaba, Shalmai,"
            },
            {
               "verse": "49",
               "text": "Hanan, Giddel, Gahar,"
            },
            {
               "verse": "50",
               "text": "Reaiah, Rezin, Nekoda,"
            },
            {
               "verse": "51",
               "text": "Gazzam, Uzza, Paseah,"
            },
            {
               "verse": "52",
               "text": "Besai, Meunim, Nephusim,"
            },
            {
               "verse": "53",
               "text": "Bakbuk, Hakupha, Harhur,"
            },
            {
               "verse": "54",
               "text": "Bazluth, Mehida, Harsha,"
            },
            {
               "verse": "55",
               "text": "Barkos, Sisera, Temah,"
            },
            {
               "verse": "56",
               "text": "Neziah and Hatipha"
            },
            {
               "verse": "57",
               "text": "The descendants of the servants of Solomon:the descendants ofSotai, Sophereth, Perida,"
            },
            {
               "verse": "58",
               "text": "Jaala, Darkon, Giddel,"
            },
            {
               "verse": "59",
               "text": "Shephatiah, Hattil, Pokereth-Hazzebaim and Amon"
            },
            {
               "verse": "60",
               "text": "The temple servants and the descendants of the servants of Solomon 392"
            },
            {
               "verse": "61",
               "text": "The following came up from the towns of Tel Melah, Tel Harsha, Kerub, Addon and Immer, but they could not show that their families were descended from Israel:"
            },
            {
               "verse": "62",
               "text": "the descendants of Delaiah, Tobiah and Nekoda642"
            },
            {
               "verse": "63",
               "text": "And from among the priests:the descendants ofHobaiah, Hakkoz and Barzillai (a man who had married a daughter of Barzillai the Gileadite and was called by that name)."
            },
            {
               "verse": "64",
               "text": "These searched for their family records, but they could not find them and so were excluded from the priesthood as unclean."
            },
            {
               "verse": "65",
               "text": "The governor, therefore, ordered them not to eat any of the most sacred food until there should be a priest ministering with the Urim and Thummim."
            },
            {
               "verse": "66",
               "text": "The whole company numbered 42,360,"
            },
            {
               "verse": "67",
               "text": "besides their 7,337 male and female slaves; and they also had 245 male and female singers."
            },
            {
               "verse": "68",
               "text": "There were 736 horses, 245 mules,"
            },
            {
               "verse": "69",
               "text": "435 camels and 6,720 donkeys."
            },
            {
               "verse": "70",
               "text": "Some of the heads of the families contributed to the work. The governor gave to the treasury 1,000 darics of gold, 50 bowls and 530 garments for priests."
            },
            {
               "verse": "71",
               "text": "Some of the heads of the families gave to the treasury for the work 20,000 darics of gold and 2,200 minas of silver."
            },
            {
               "verse": "72",
               "text": "The total given by the rest of the people was 20,000 darics of gold, 2,000 minas of silver and 67 garments for priests."
            },
            {
               "verse": "73",
               "text": "The priests, the Levites, the gatekeepers, the musicians and the temple servants, along with certain of the people and the rest of the Israelites, settled in their own towns. When the seventh month came and the Israelites had settled in their towns,"
            }
         ]
      },
      {
         "chapter": "8",
         "verses": [
            {
               "verse": "1",
               "text": "all the people came together as one in the square before the Water Gate. They told Ezra the teacher of the Law to bring out the Book of the Law of Moses, which the Lord had commanded for Israel."
            },
            {
               "verse": "2",
               "text": "So on the first day of the seventh month Ezra the priest brought the Law before the assembly, which was made up of men and women and all who were able to understand."
            },
            {
               "verse": "3",
               "text": "He read it aloud from daybreak till noon as he faced the square before the Water Gate in the presence of the men, women and others who could understand. And all the people listened attentively to the Book of the Law."
            },
            {
               "verse": "4",
               "text": "Ezra the teacher of the Law stood on a high wooden platform built for the occasion. Beside him on his right stood Mattithiah, Shema, Anaiah, Uriah, Hilkiah and Maaseiah; and on his left were Pedaiah, Mishael, Malkijah, Hashum, Hashbaddanah, Zechariah and Meshullam."
            },
            {
               "verse": "5",
               "text": "Ezra opened the book. All the people could see him because he was standing above them; and as he opened it, the people all stood up."
            },
            {
               "verse": "6",
               "text": "Ezra praised the Lord, the great God; and all the people lifted their hands and responded, “Amen! Amen!” Then they bowed down and worshiped the Lord with their faces to the ground."
            },
            {
               "verse": "7",
               "text": "The Levites—Jeshua, Bani, Sherebiah, Jamin, Akkub, Shabbethai, Hodiah, Maaseiah, Kelita, Azariah, Jozabad, Hanan and Pelaiah—instructed the people in the Law while the people were standing there."
            },
            {
               "verse": "8",
               "text": "They read from the Book of the Law of God, making it clear and giving the meaning so that the people understood what was being read."
            },
            {
               "verse": "9",
               "text": "Then Nehemiah the governor, Ezra the priest and teacher of the Law, and the Levites who were instructing the people said to them all, “This day is holy to the Lord your God. Do not mourn or weep.” For all the people had been weeping as they listened to the words of the Law."
            },
            {
               "verse": "10",
               "text": "Nehemiah said, “Go and enjoy choice food and sweet drinks, and send some to those who have nothing prepared. This day is holy to our Lord. Do not grieve, for the joy of the Lord is your strength.”"
            },
            {
               "verse": "11",
               "text": "The Levites calmed all the people, saying, “Be still, for this is a holy day. Do not grieve.”"
            },
            {
               "verse": "12",
               "text": "Then all the people went away to eat and drink, to send portions of food and to celebrate with great joy, because they now understood the words that had been made known to them."
            },
            {
               "verse": "13",
               "text": "On the second day of the month, the heads of all the families, along with the priests and the Levites, gathered around Ezra the teacher to give attention to the words of the Law."
            },
            {
               "verse": "14",
               "text": "They found written in the Law, which the Lord had commanded through Moses, that the Israelites were to live in temporary shelters during the festival of the seventh month"
            },
            {
               "verse": "15",
               "text": "and that they should proclaim this word and spread it throughout their towns and in Jerusalem: “Go out into the hill country and bring back branches from olive and wild olive trees, and from myrtles, palms and shade trees, to make temporary shelters”—as it is written."
            },
            {
               "verse": "16",
               "text": "So the people went out and brought back branches and built themselves temporary shelters on their own roofs, in their courtyards, in the courts of the house of God and in the square by the Water Gate and the one by the Gate of Ephraim."
            },
            {
               "verse": "17",
               "text": "The whole company that had returned from exile built temporary shelters and lived in them. From the days of Joshua son of Nun until that day, the Israelites had not celebrated it like this. And their joy was very great."
            },
            {
               "verse": "18",
               "text": "Day after day, from the first day to the last, Ezra read from the Book of the Law of God. They celebrated the festival for seven days, and on the eighth day, in accordance with the regulation, there was an assembly."
            }
         ]
      },
      {
         "chapter": "9",
         "verses": [
            {
               "verse": "1",
               "text": "On the twenty-fourth day of the same month, the Israelites gathered together, fasting and wearing sackcloth and putting dust on their heads."
            },
            {
               "verse": "2",
               "text": "Those of Israelite descent had separated themselves from all foreigners. They stood in their places and confessed their sins and the sins of their ancestors."
            },
            {
               "verse": "3",
               "text": "They stood where they were and read from the Book of the Law of the Lord their God for a quarter of the day, and spent another quarter in confession and in worshiping the Lord their God."
            },
            {
               "verse": "4",
               "text": "Standing on the stairs of the Levites were Jeshua, Bani, Kadmiel, Shebaniah, Bunni, Sherebiah, Bani and Kenani. They cried out with loud voices to the Lord their God."
            },
            {
               "verse": "5",
               "text": "And the Levites—Jeshua, Kadmiel, Bani, Hashabneiah, Sherebiah, Hodiah, Shebaniah and Pethahiah—said: “Stand up and praise the Lord your God, who is from everlasting to everlasting.” “Blessed be your glorious name, and may it be exalted above all blessing and praise."
            },
            {
               "verse": "6",
               "text": "You alone are the Lord. You made the heavens, even the highest heavens, and all their starry host, the earth and all that is on it, the seas and all that is in them. You give life to everything, and the multitudes of heaven worship you."
            },
            {
               "verse": "7",
               "text": "“You are the Lord God, who chose Abram and brought him out of Ur of the Chaldeans and named him Abraham."
            },
            {
               "verse": "8",
               "text": "You found his heart faithful to you, and you made a covenant with him to give to his descendants the land of the Canaanites, Hittites, Amorites, Perizzites, Jebusites and Girgashites. You have kept your promise because you are righteous."
            },
            {
               "verse": "9",
               "text": "“You saw the suffering of our ancestors in Egypt; you heard their cry at the Red Sea."
            },
            {
               "verse": "10",
               "text": "You sent signs and wonders against Pharaoh, against all his officials and all the people of his land, for you knew how arrogantly the Egyptians treated them. You made a name for yourself, which remains to this day."
            },
            {
               "verse": "11",
               "text": "You divided the sea before them, so that they passed through it on dry ground, but you hurled their pursuers into the depths, like a stone into mighty waters."
            },
            {
               "verse": "12",
               "text": "By day you led them with a pillar of cloud, and by night with a pillar of fire to give them light on the way they were to take."
            },
            {
               "verse": "13",
               "text": "“You came down on Mount Sinai; you spoke to them from heaven. You gave them regulations and laws that are just and right, and decrees and commands that are good."
            },
            {
               "verse": "14",
               "text": "You made known to them your holy Sabbath and gave them commands, decrees and laws through your servant Moses."
            },
            {
               "verse": "15",
               "text": "In their hunger you gave them bread from heaven and in their thirst you brought them water from the rock; you told them to go in and take possession of the land you had sworn with uplifted hand to give them."
            },
            {
               "verse": "16",
               "text": "“But they, our ancestors, became arrogant and stiff-necked, and they did not obey your commands."
            },
            {
               "verse": "17",
               "text": "They refused to listen and failed to remember the miracles you performed among them. They became stiff-necked and in their rebellion appointed a leader in order to return to their slavery. But you are a forgiving God, gracious and compassionate, slow to anger and abounding in love. Therefore you did not desert them,"
            },
            {
               "verse": "18",
               "text": "even when they cast for themselves an image of a calf and said, ‘This is your god, who brought you up out of Egypt,` or when they committed awful blasphemies."
            },
            {
               "verse": "19",
               "text": "“Because of your great compassion you did not abandon them in the wilderness. By day the pillar of cloud did not fail to guide them on their path, nor the pillar of fire by night to shine on the way they were to take."
            },
            {
               "verse": "20",
               "text": "You gave your good Spirit to instruct them. You did not withhold your manna from their mouths, and you gave them water for their thirst."
            },
            {
               "verse": "21",
               "text": "For forty years you sustained them in the wilderness; they lacked nothing, their clothes did not wear out nor did their feet become swollen."
            },
            {
               "verse": "22",
               "text": "“You gave them kingdoms and nations, allotting to them even the remotest frontiers. They took over the country of Sihon king of Heshbon and the country of Og king of Bashan."
            },
            {
               "verse": "23",
               "text": "You made their children as numerous as the stars in the sky, and you brought them into the land that you told their parents to enter and possess."
            },
            {
               "verse": "24",
               "text": "Their children went in and took possession of the land. You subdued before them the Canaanites, who lived in the land; you gave the Canaanites into their hands, along with their kings and the peoples of the land, to deal with them as they pleased."
            },
            {
               "verse": "25",
               "text": "They captured fortified cities and fertile land; they took possession of houses filled with all kinds of good things, wells already dug, vineyards, olive groves and fruit trees in abundance. They ate to the full and were well-nourished; they reveled in your great goodness."
            },
            {
               "verse": "26",
               "text": "“But they were disobedient and rebelled against you; they turned their backs on your law. They killed your prophets, who had warned them in order to turn them back to you; they committed awful blasphemies."
            },
            {
               "verse": "27",
               "text": "So you delivered them into the hands of their enemies, who oppressed them. But when they were oppressed they cried out to you. From heaven you heard them, and in your great compassion you gave them deliverers, who rescued them from the hand of their enemies."
            },
            {
               "verse": "28",
               "text": "“But as soon as they were at rest, they again did what was evil in your sight. Then you abandoned them to the hand of their enemies so that they ruled over them. And when they cried out to you again, you heard from heaven, and in your compassion you delivered them time after time."
            },
            {
               "verse": "29",
               "text": "“You warned them in order to turn them back to your law, but they became arrogant and disobeyed your commands. They sinned against your ordinances, of which you said, ‘The person who obeys them will live by them.` Stubbornly they turned their backs on you, became stiff-necked and refused to listen."
            },
            {
               "verse": "30",
               "text": "For many years you were patient with them. By your Spirit you warned them through your prophets. Yet they paid no attention, so you gave them into the hands of the neighboring peoples."
            },
            {
               "verse": "31",
               "text": "But in your great mercy you did not put an end to them or abandon them, for you are a gracious and merciful God."
            },
            {
               "verse": "32",
               "text": "“Now therefore, our God, the great God, mighty and awesome, who keeps his covenant of love, do not let all this hardship seem trifling in your eyes—the hardship that has come on us, on our kings and leaders, on our priests and prophets, on our ancestors and all your people, from the days of the kings of Assyria until today."
            },
            {
               "verse": "33",
               "text": "In all that has happened to us, you have remained righteous; you have acted faithfully, while we acted wickedly."
            },
            {
               "verse": "34",
               "text": "Our kings, our leaders, our priests and our ancestors did not follow your law; they did not pay attention to your commands or the statutes you warned them to keep."
            },
            {
               "verse": "35",
               "text": "Even while they were in their kingdom, enjoying your great goodness to them in the spacious and fertile land you gave them, they did not serve you or turn from their evil ways."
            },
            {
               "verse": "36",
               "text": "“But see, we are slaves today, slaves in the land you gave our ancestors so they could eat its fruit and the other good things it produces."
            },
            {
               "verse": "37",
               "text": "Because of our sins, its abundant harvest goes to the kings you have placed over us. They rule over our bodies and our cattle as they please. We are in great distress."
            },
            {
               "verse": "38",
               "text": "“In view of all this, we are making a binding agreement, putting it in writing, and our leaders, our Levites and our priests are affixing their seals to it.”"
            }
         ]
      },
      {
         "chapter": "10",
         "verses": [
            {
               "verse": "1",
               "text": "Those who sealed it were: Nehemiah the governor, the son of Hakaliah. Zedekiah,"
            },
            {
               "verse": "2",
               "text": "Seraiah, Azariah, Jeremiah,"
            },
            {
               "verse": "3",
               "text": "Pashhur, Amariah, Malkijah,"
            },
            {
               "verse": "4",
               "text": "Hattush, Shebaniah, Malluk,"
            },
            {
               "verse": "5",
               "text": "Harim, Meremoth, Obadiah,"
            },
            {
               "verse": "6",
               "text": "Daniel, Ginnethon, Baruch,"
            },
            {
               "verse": "7",
               "text": "Meshullam, Abijah, Mijamin,"
            },
            {
               "verse": "8",
               "text": "Maaziah, Bilgai and Shemaiah. These were the priests."
            },
            {
               "verse": "9",
               "text": "The Levites: Jeshua son of Azaniah, Binnui of the sons of Henadad, Kadmiel,"
            },
            {
               "verse": "10",
               "text": "and their associates: Shebaniah, Hodiah, Kelita, Pelaiah, Hanan,"
            },
            {
               "verse": "11",
               "text": "Mika, Rehob, Hashabiah,"
            },
            {
               "verse": "12",
               "text": "Zakkur, Sherebiah, Shebaniah,"
            },
            {
               "verse": "13",
               "text": "Hodiah, Bani and Beninu."
            },
            {
               "verse": "14",
               "text": "The leaders of the people: Parosh, Pahath-Moab, Elam, Zattu, Bani,"
            },
            {
               "verse": "15",
               "text": "Bunni, Azgad, Bebai,"
            },
            {
               "verse": "16",
               "text": "Adonijah, Bigvai, Adin,"
            },
            {
               "verse": "17",
               "text": "Ater, Hezekiah, Azzur,"
            },
            {
               "verse": "18",
               "text": "Hodiah, Hashum, Bezai,"
            },
            {
               "verse": "19",
               "text": "Hariph, Anathoth, Nebai,"
            },
            {
               "verse": "20",
               "text": "Magpiash, Meshullam, Hezir,"
            },
            {
               "verse": "21",
               "text": "Meshezabel, Zadok, Jaddua,"
            },
            {
               "verse": "22",
               "text": "Pelatiah, Hanan, Anaiah,"
            },
            {
               "verse": "23",
               "text": "Hoshea, Hananiah, Hasshub,"
            },
            {
               "verse": "24",
               "text": "Hallohesh, Pilha, Shobek,"
            },
            {
               "verse": "25",
               "text": "Rehum, Hashabnah, Maaseiah,"
            },
            {
               "verse": "26",
               "text": "Ahiah, Hanan, Anan,"
            },
            {
               "verse": "27",
               "text": "Malluk, Harim and Baanah."
            },
            {
               "verse": "28",
               "text": "“The rest of the people—priests, Levites, gatekeepers, musicians, temple servants and all who separated themselves from the neighboring peoples for the sake of the Law of God, together with their wives and all their sons and daughters who are able to understand—"
            },
            {
               "verse": "29",
               "text": "all these now join their fellow Israelites the nobles, and bind themselves with a curse and an oath to follow the Law of God given through Moses the servant of God and to obey carefully all the commands, regulations and decrees of the Lord our Lord."
            },
            {
               "verse": "30",
               "text": "“We promise not to give our daughters in marriage to the peoples around us or take their daughters for our sons."
            },
            {
               "verse": "31",
               "text": "“When the neighboring peoples bring merchandise or grain to sell on the Sabbath, we will not buy from them on the Sabbath or on any holy day. Every seventh year we will forgo working the land and will cancel all debts."
            },
            {
               "verse": "32",
               "text": "“We assume the responsibility for carrying out the commands to give a third of a shekel each year for the service of the house of our God:"
            },
            {
               "verse": "33",
               "text": "for the bread set out on the table; for the regular grain offerings and burnt offerings; for the offerings on the Sabbaths, at the New Moon feasts and at the appointed festivals; for the holy offerings; for sin offerings to make atonement for Israel; and for all the duties of the house of our God."
            },
            {
               "verse": "34",
               "text": "“We—the priests, the Levites and the people—have cast lots to determine when each of our families is to bring to the house of our God at set times each year a contribution of wood to burn on the altar of the Lord our God, as it is written in the Law."
            },
            {
               "verse": "35",
               "text": "“We also assume responsibility for bringing to the house of the Lord each year the firstfruits of our crops and of every fruit tree."
            },
            {
               "verse": "36",
               "text": "“As it is also written in the Law, we will bring the firstborn of our sons and of our cattle, of our herds and of our flocks to the house of our God, to the priests ministering there."
            },
            {
               "verse": "37",
               "text": "“Moreover, we will bring to the storerooms of the house of our God, to the priests, the first of our ground meal, of our grain offerings, of the fruit of all our trees and of our new wine and olive oil. And we will bring a tithe of our crops to the Levites, for it is the Levites who collect the tithes in all the towns where we work."
            },
            {
               "verse": "38",
               "text": "A priest descended from Aaron is to accompany the Levites when they receive the tithes, and the Levites are to bring a tenth of the tithes up to the house of our God, to the storerooms of the treasury."
            },
            {
               "verse": "39",
               "text": "The people of Israel, including the Levites, are to bring their contributions of grain, new wine and olive oil to the storerooms, where the articles for the sanctuary and for the ministering priests, the gatekeepers and the musicians are also kept. “We will not neglect the house of our God.”"
            }
         ]
      },
      {
         "chapter": "11",
         "verses": [
            {
               "verse": "1",
               "text": "Now the leaders of the people settled in Jerusalem. The rest of the people cast lots to bring one out of every ten of them to live in Jerusalem, the holy city, while the remaining nine were to stay in their own towns."
            },
            {
               "verse": "2",
               "text": "The people commended all who volunteered to live in Jerusalem."
            },
            {
               "verse": "3",
               "text": "These are the provincial leaders who settled in Jerusalem (now some Israelites, priests, Levites, temple servants and descendants of Solomon`s servants lived in the towns of Judah, each on their own property in the various towns,"
            },
            {
               "verse": "4",
               "text": "while other people from both Judah and Benjamin lived in Jerusalem): From the descendants of Judah: Athaiah son of Uzziah, the son of Zechariah, the son of Amariah, the son of Shephatiah, the son of Mahalalel, a descendant of Perez;"
            },
            {
               "verse": "5",
               "text": "and Maaseiah son of Baruch, the son of Kol-Hozeh, the son of Hazaiah, the son of Adaiah, the son of Joiarib, the son of Zechariah, a descendant of Shelah."
            },
            {
               "verse": "6",
               "text": "The descendants of Perez who lived in Jerusalem totaled 468 men of standing."
            },
            {
               "verse": "7",
               "text": "From the descendants of Benjamin: Sallu son of Meshullam, the son of Joed, the son of Pedaiah, the son of Kolaiah, the son of Maaseiah, the son of Ithiel, the son of Jeshaiah,"
            },
            {
               "verse": "8",
               "text": "and his followers, Gabbai and Sallai—928 men."
            },
            {
               "verse": "9",
               "text": "Joel son of Zikri was their chief officer, and Judah son of Hassenuah was over the New Quarter of the city."
            },
            {
               "verse": "10",
               "text": "From the priests: Jedaiah; the son of Joiarib; Jakin;"
            },
            {
               "verse": "11",
               "text": "Seraiah son of Hilkiah, the son of Meshullam, the son of Zadok, the son of Meraioth, the son of Ahitub, the official in charge of the house of God,"
            },
            {
               "verse": "12",
               "text": "and their associates, who carried on work for the temple—822 men; Adaiah son of Jeroham, the son of Pelaliah, the son of Amzi, the son of Zechariah, the son of Pashhur, the son of Malkijah,"
            },
            {
               "verse": "13",
               "text": "and his associates, who were heads of families—242 men; Amashsai son of Azarel, the son of Ahzai, the son of Meshillemoth, the son of Immer,"
            },
            {
               "verse": "14",
               "text": "and his associates, who were men of standing—128. Their chief officer was Zabdiel son of Haggedolim."
            },
            {
               "verse": "15",
               "text": "From the Levites: Shemaiah son of Hasshub, the son of Azrikam, the son of Hashabiah, the son of Bunni;"
            },
            {
               "verse": "16",
               "text": "Shabbethai and Jozabad, two of the heads of the Levites, who had charge of the outside work of the house of God;"
            },
            {
               "verse": "17",
               "text": "Mattaniah son of Mika, the son of Zabdi, the son of Asaph, the director who led in thanksgiving and prayer; Bakbukiah, second among his associates; and Abda son of Shammua, the son of Galal, the son of Jeduthun."
            },
            {
               "verse": "18",
               "text": "The Levites in the holy city totaled 284."
            },
            {
               "verse": "19",
               "text": "The gatekeepers: Akkub, Talmon and their associates, who kept watch at the gates—172 men."
            },
            {
               "verse": "20",
               "text": "The rest of the Israelites, with the priests and Levites, were in all the towns of Judah, each on their ancestral property."
            },
            {
               "verse": "21",
               "text": "The temple servants lived on the hill of Ophel, and Ziha and Gishpa were in charge of them."
            },
            {
               "verse": "22",
               "text": "The chief officer of the Levites in Jerusalem was Uzzi son of Bani, the son of Hashabiah, the son of Mattaniah, the son of Mika. Uzzi was one of Asaph`s descendants, who were the musicians responsible for the service of the house of God."
            },
            {
               "verse": "23",
               "text": "The musicians were under the king`s orders, which regulated their daily activity."
            },
            {
               "verse": "24",
               "text": "Pethahiah son of Meshezabel, one of the descendants of Zerah son of Judah, was the king`s agent in all affairs relating to the people."
            },
            {
               "verse": "25",
               "text": "As for the villages with their fields, some of the people of Judah lived in Kiriath Arba and its surrounding settlements, in Dibon and its settlements, in Jekabzeel and its villages,"
            },
            {
               "verse": "26",
               "text": "in Jeshua, in Moladah, in Beth Pelet,"
            },
            {
               "verse": "27",
               "text": "in Hazar Shual, in Beersheba and its settlements,"
            },
            {
               "verse": "28",
               "text": "in Ziklag, in Mekonah and its settlements,"
            },
            {
               "verse": "29",
               "text": "in En Rimmon, in Zorah, in Jarmuth,"
            },
            {
               "verse": "30",
               "text": "Zanoah, Adullam and their villages, in Lachish and its fields, and in Azekah and its settlements. So they were living all the way from Beersheba to the Valley of Hinnom."
            },
            {
               "verse": "31",
               "text": "The descendants of the Benjamites from Geba lived in Mikmash, Aija, Bethel and its settlements,"
            },
            {
               "verse": "32",
               "text": "in Anathoth, Nob and Ananiah,"
            },
            {
               "verse": "33",
               "text": "in Hazor, Ramah and Gittaim,"
            },
            {
               "verse": "34",
               "text": "in Hadid, Zeboim and Neballat,"
            },
            {
               "verse": "35",
               "text": "in Lod and Ono, and in Ge Harashim."
            },
            {
               "verse": "36",
               "text": "Some of the divisions of the Levites of Judah settled in Benjamin."
            }
         ]
      },
      {
         "chapter": "12",
         "verses": [
            {
               "verse": "1",
               "text": "These were the priests and Levites who returned with Zerubbabel son of Shealtiel and with Joshua: Seraiah, Jeremiah, Ezra,"
            },
            {
               "verse": "2",
               "text": "Amariah, Malluk, Hattush,"
            },
            {
               "verse": "3",
               "text": "Shekaniah, Rehum, Meremoth,"
            },
            {
               "verse": "4",
               "text": "Iddo, Ginnethon, Abijah,"
            },
            {
               "verse": "5",
               "text": "Mijamin, Moadiah, Bilgah,"
            },
            {
               "verse": "6",
               "text": "Shemaiah, Joiarib, Jedaiah,"
            },
            {
               "verse": "7",
               "text": "Sallu, Amok, Hilkiah and Jedaiah. These were the leaders of the priests and their associates in the days of Joshua."
            },
            {
               "verse": "8",
               "text": "The Levites were Jeshua, Binnui, Kadmiel, Sherebiah, Judah, and also Mattaniah, who, together with his associates, was in charge of the songs of thanksgiving."
            },
            {
               "verse": "9",
               "text": "Bakbukiah and Unni, their associates, stood opposite them in the services."
            },
            {
               "verse": "10",
               "text": "Joshua was the father of Joiakim, Joiakim the father of Eliashib, Eliashib the father of Joiada,"
            },
            {
               "verse": "11",
               "text": "Joiada the father of Jonathan, and Jonathan the father of Jaddua."
            },
            {
               "verse": "12",
               "text": "In the days of Joiakim, these were the heads of the priestly families: of Seraiah`s family, Meraiah; of Jeremiah`s, Hananiah;"
            },
            {
               "verse": "13",
               "text": "of Ezra`s, Meshullam; of Amariah`s, Jehohanan;"
            },
            {
               "verse": "14",
               "text": "of Malluk`s, Jonathan; of Shekaniah`s, Joseph;"
            },
            {
               "verse": "15",
               "text": "of Harim`s, Adna; of Meremoth`s, Helkai;"
            },
            {
               "verse": "16",
               "text": "of Iddo`s, Zechariah; of Ginnethon`s, Meshullam;"
            },
            {
               "verse": "17",
               "text": "of Abijah`s, Zikri; of Miniamin`s and of Moadiah`s, Piltai;"
            },
            {
               "verse": "18",
               "text": "of Bilgah`s, Shammua; of Shemaiah`s, Jehonathan;"
            },
            {
               "verse": "19",
               "text": "of Joiarib`s, Mattenai; of Jedaiah`s, Uzzi;"
            },
            {
               "verse": "20",
               "text": "of Sallu`s, Kallai; of Amok`s, Eber;"
            },
            {
               "verse": "21",
               "text": "of Hilkiah`s, Hashabiah; of Jedaiah`s, Nethanel."
            },
            {
               "verse": "22",
               "text": "The family heads of the Levites in the days of Eliashib, Joiada, Johanan and Jaddua, as well as those of the priests, were recorded in the reign of Darius the Persian."
            },
            {
               "verse": "23",
               "text": "The family heads among the descendants of Levi up to the time of Johanan son of Eliashib were recorded in the book of the annals."
            },
            {
               "verse": "24",
               "text": "And the leaders of the Levites were Hashabiah, Sherebiah, Jeshua son of Kadmiel, and their associates, who stood opposite them to give praise and thanksgiving, one section responding to the other, as prescribed by David the man of God."
            },
            {
               "verse": "25",
               "text": "Mattaniah, Bakbukiah, Obadiah, Meshullam, Talmon and Akkub were gatekeepers who guarded the storerooms at the gates."
            },
            {
               "verse": "26",
               "text": "They served in the days of Joiakim son of Joshua, the son of Jozadak, and in the days of Nehemiah the governor and of Ezra the priest, the teacher of the Law."
            },
            {
               "verse": "27",
               "text": "At the dedication of the wall of Jerusalem, the Levites were sought out from where they lived and were brought to Jerusalem to celebrate joyfully the dedication with songs of thanksgiving and with the music of cymbals, harps and lyres."
            },
            {
               "verse": "28",
               "text": "The musicians also were brought together from the region around Jerusalem—from the villages of the Netophathites,"
            },
            {
               "verse": "29",
               "text": "from Beth Gilgal, and from the area of Geba and Azmaveth, for the musicians had built villages for themselves around Jerusalem."
            },
            {
               "verse": "30",
               "text": "When the priests and Levites had purified themselves ceremonially, they purified the people, the gates and the wall."
            },
            {
               "verse": "31",
               "text": "I had the leaders of Judah go up on top of the wall. I also assigned two large choirs to give thanks. One was to proceed on top of the wall to the right, toward the Dung Gate."
            },
            {
               "verse": "32",
               "text": "Hoshaiah and half the leaders of Judah followed them,"
            },
            {
               "verse": "33",
               "text": "along with Azariah, Ezra, Meshullam,"
            },
            {
               "verse": "34",
               "text": "Judah, Benjamin, Shemaiah, Jeremiah,"
            },
            {
               "verse": "35",
               "text": "as well as some priests with trumpets, and also Zechariah son of Jonathan, the son of Shemaiah, the son of Mattaniah, the son of Micaiah, the son of Zakkur, the son of Asaph,"
            },
            {
               "verse": "36",
               "text": "and his associates—Shemaiah, Azarel, Milalai, Gilalai, Maai, Nethanel, Judah and Hanani—with musical instruments prescribed by David the man of God. Ezra the teacher of the Law led the procession."
            },
            {
               "verse": "37",
               "text": "At the Fountain Gate they continued directly up the steps of the City of David on the ascent to the wall and passed above the site of David`s palace to the Water Gate on the east."
            },
            {
               "verse": "38",
               "text": "The second choir proceeded in the opposite direction. I followed them on top of the wall, together with half the people—past the Tower of the Ovens to the Broad Wall,"
            },
            {
               "verse": "39",
               "text": "over the Gate of Ephraim, the Jeshanah Gate, the Fish Gate, the Tower of Hananel and the Tower of the Hundred, as far as the Sheep Gate. At the Gate of the Guard they stopped."
            },
            {
               "verse": "40",
               "text": "The two choirs that gave thanks then took their places in the house of God; so did I, together with half the officials,"
            },
            {
               "verse": "41",
               "text": "as well as the priests—Eliakim, Maaseiah, Miniamin, Micaiah, Elioenai, Zechariah and Hananiah with their trumpets—"
            },
            {
               "verse": "42",
               "text": "and also Maaseiah, Shemaiah, Eleazar, Uzzi, Jehohanan, Malkijah, Elam and Ezer. The choirs sang under the direction of Jezrahiah."
            },
            {
               "verse": "43",
               "text": "And on that day they offered great sacrifices, rejoicing because God had given them great joy. The women and children also rejoiced. The sound of rejoicing in Jerusalem could be heard far away."
            },
            {
               "verse": "44",
               "text": "At that time men were appointed to be in charge of the storerooms for the contributions, firstfruits and tithes. From the fields around the towns they were to bring into the storerooms the portions required by the Law for the priests and the Levites, for Judah was pleased with the ministering priests and Levites."
            },
            {
               "verse": "45",
               "text": "They performed the service of their God and the service of purification, as did also the musicians and gatekeepers, according to the commands of David and his son Solomon."
            },
            {
               "verse": "46",
               "text": "For long ago, in the days of David and Asaph, there had been directors for the musicians and for the songs of praise and thanksgiving to God."
            },
            {
               "verse": "47",
               "text": "So in the days of Zerubbabel and of Nehemiah, all Israel contributed the daily portions for the musicians and the gatekeepers. They also set aside the portion for the other Levites, and the Levites set aside the portion for the descendants of Aaron."
            }
         ]
      },
      {
         "chapter": "13",
         "verses": [
            {
               "verse": "1",
               "text": "On that day the Book of Moses was read aloud in the hearing of the people and there it was found written that no Ammonite or Moabite should ever be admitted into the assembly of God,"
            },
            {
               "verse": "2",
               "text": "because they had not met the Israelites with food and water but had hired Balaam to call a curse down on them. (Our God, however, turned the curse into a blessing.)"
            },
            {
               "verse": "3",
               "text": "When the people heard this law, they excluded from Israel all who were of foreign descent."
            },
            {
               "verse": "4",
               "text": "Before this, Eliashib the priest had been put in charge of the storerooms of the house of our God. He was closely associated with Tobiah,"
            },
            {
               "verse": "5",
               "text": "and he had provided him with a large room formerly used to store the grain offerings and incense and temple articles, and also the tithes of grain, new wine and olive oil prescribed for the Levites, musicians and gatekeepers, as well as the contributions for the priests."
            },
            {
               "verse": "6",
               "text": "But while all this was going on, I was not in Jerusalem, for in the thirty-second year of Artaxerxes king of Babylon I had returned to the king. Some time later I asked his permission"
            },
            {
               "verse": "7",
               "text": "and came back to Jerusalem. Here I learned about the evil thing Eliashib had done in providing Tobiah a room in the courts of the house of God."
            },
            {
               "verse": "8",
               "text": "I was greatly displeased and threw all Tobiah`s household goods out of the room."
            },
            {
               "verse": "9",
               "text": "I gave orders to purify the rooms, and then I put back into them the equipment of the house of God, with the grain offerings and the incense."
            },
            {
               "verse": "10",
               "text": "I also learned that the portions assigned to the Levites had not been given to them, and that all the Levites and musicians responsible for the service had gone back to their own fields."
            },
            {
               "verse": "11",
               "text": "So I rebuked the officials and asked them, “Why is the house of God neglected?” Then I called them together and stationed them at their posts."
            },
            {
               "verse": "12",
               "text": "All Judah brought the tithes of grain, new wine and olive oil into the storerooms."
            },
            {
               "verse": "13",
               "text": "I put Shelemiah the priest, Zadok the scribe, and a Levite named Pedaiah in charge of the storerooms and made Hanan son of Zakkur, the son of Mattaniah, their assistant, because they were considered trustworthy. They were made responsible for distributing the supplies to their fellow Levites."
            },
            {
               "verse": "14",
               "text": "Remember me for this, my God, and do not blot out what I have so faithfully done for the house of my God and its services."
            },
            {
               "verse": "15",
               "text": "In those days I saw people in Judah treading winepresses on the Sabbath and bringing in grain and loading it on donkeys, together with wine, grapes, figs and all other kinds of loads. And they were bringing all this into Jerusalem on the Sabbath. Therefore I warned them against selling food on that day."
            },
            {
               "verse": "16",
               "text": "People from Tyre who lived in Jerusalem were bringing in fish and all kinds of merchandise and selling them in Jerusalem on the Sabbath to the people of Judah."
            },
            {
               "verse": "17",
               "text": "I rebuked the nobles of Judah and said to them, “What is this wicked thing you are doing—desecrating the Sabbath day?"
            },
            {
               "verse": "18",
               "text": "Didn`t your ancestors do the same things, so that our God brought all this calamity on us and on this city? Now you are stirring up more wrath against Israel by desecrating the Sabbath.”"
            },
            {
               "verse": "19",
               "text": "When evening shadows fell on the gates of Jerusalem before the Sabbath, I ordered the doors to be shut and not opened until the Sabbath was over. I stationed some of my own men at the gates so that no load could be brought in on the Sabbath day."
            },
            {
               "verse": "20",
               "text": "Once or twice the merchants and sellers of all kinds of goods spent the night outside Jerusalem."
            },
            {
               "verse": "21",
               "text": "But I warned them and said, “Why do you spend the night by the wall? If you do this again, I will arrest you.” From that time on they no longer came on the Sabbath."
            },
            {
               "verse": "22",
               "text": "Then I commanded the Levites to purify themselves and go and guard the gates in order to keep the Sabbath day holy. Remember me for this also, my God, and show mercy to me according to your great love."
            },
            {
               "verse": "23",
               "text": "Moreover, in those days I saw men of Judah who had married women from Ashdod, Ammon and Moab."
            },
            {
               "verse": "24",
               "text": "Half of their children spoke the language of Ashdod or the language of one of the other peoples, and did not know how to speak the language of Judah."
            },
            {
               "verse": "25",
               "text": "I rebuked them and called curses down on them. I beat some of the men and pulled out their hair. I made them take an oath in God`s name and said: “You are not to give your daughters in marriage to their sons, nor are you to take their daughters in marriage for your sons or for yourselves."
            },
            {
               "verse": "26",
               "text": "Was it not because of marriages like these that Solomon king of Israel sinned? Among the many nations there was no king like him. He was loved by his God, and God made him king over all Israel, but even he was led into sin by foreign women."
            },
            {
               "verse": "27",
               "text": "Must we hear now that you too are doing all this terrible wickedness and are being unfaithful to our God by marrying foreign women?”"
            },
            {
               "verse": "28",
               "text": "One of the sons of Joiada son of Eliashib the high priest was son-in-law to Sanballat the Horonite. And I drove him away from me."
            },
            {
               "verse": "29",
               "text": "Remember them, my God, because they defiled the priestly office and the covenant of the priesthood and of the Levites."
            },
            {
               "verse": "30",
               "text": "So I purified the priests and the Levites of everything foreign, and assigned them duties, each to his own task."
            },
            {
               "verse": "31",
               "text": "I also made provision for contributions of wood at designated times, and for the firstfruits. Remember me with favor, my God."
            }
         ]
      }
   ]
}