{
   "book": "Obadiah",
   "count": 1,
   "chapters": [
      {
         "chapter": "1",
         "verses": [
            {
               "verse": "1",
               "text": "The vision of Obadiah. This is what the Sovereign Lord says about Edom— We have heard a message from the Lord: An envoy was sent to the nations to say, “Rise, let us go against her for battle”—"
            },
            {
               "verse": "2",
               "text": "“See, I will make you small among the nations; you will be utterly despised."
            },
            {
               "verse": "3",
               "text": "The pride of your heart has deceived you, you who live in the clefts of the rocks and make your home on the heights, you who say to yourself, ‘Who can bring me down to the ground?`"
            },
            {
               "verse": "4",
               "text": "Though you soar like the eagle and make your nest among the stars, from there I will bring you down,” declares the Lord."
            },
            {
               "verse": "5",
               "text": "“If thieves came to you, if robbers in the night— oh, what a disaster awaits you!— would they not steal only as much as they wanted? If grape pickers came to you, would they not leave a few grapes?"
            },
            {
               "verse": "6",
               "text": "But how Esau will be ransacked, his hidden treasures pillaged!"
            },
            {
               "verse": "7",
               "text": "All your allies will force you to the border; your friends will deceive and overpower you; those who eat your bread will set a trap for you, but you will not detect it."
            },
            {
               "verse": "8",
               "text": "“In that day,” declares the Lord, “will I not destroy the wise men of Edom, those of understanding in the mountains of Esau?"
            },
            {
               "verse": "9",
               "text": "Your warriors, Teman, will be terrified, and everyone in Esau`s mountains will be cut down in the slaughter."
            },
            {
               "verse": "10",
               "text": "Because of the violence against your brother Jacob, you will be covered with shame; you will be destroyed forever."
            },
            {
               "verse": "11",
               "text": "On the day you stood aloof while strangers carried off his wealth and foreigners entered his gates and cast lots for Jerusalem, you were like one of them."
            },
            {
               "verse": "12",
               "text": "You should not gloat over your brother in the day of his misfortune, nor rejoice over the people of Judah in the day of their destruction, nor boast so much in the day of their trouble."
            },
            {
               "verse": "13",
               "text": "You should not march through the gates of my people in the day of their disaster, nor gloat over them in their calamity in the day of their disaster, nor seize their wealth in the day of their disaster."
            },
            {
               "verse": "14",
               "text": "You should not wait at the crossroads to cut down their fugitives, nor hand over their survivors in the day of their trouble."
            },
            {
               "verse": "15",
               "text": "“The day of the Lord is near for all nations. As you have done, it will be done to you; your deeds will return upon your own head."
            },
            {
               "verse": "16",
               "text": "Just as you drank on my holy hill, so all the nations will drink continually; they will drink and drink and be as if they had never been."
            },
            {
               "verse": "17",
               "text": "But on Mount Zion will be deliverance; it will be holy, and Jacob will possess his inheritance."
            },
            {
               "verse": "18",
               "text": "Jacob will be a fire and Joseph a flame; Esau will be stubble, and they will set him on fire and destroy him. There will be no survivors from Esau.” The Lord has spoken."
            },
            {
               "verse": "19",
               "text": "People from the Negev will occupy the mountains of Esau, and people from the foothills will possess the land of the Philistines. They will occupy the fields of Ephraim and Samaria, and Benjamin will possess Gilead."
            },
            {
               "verse": "20",
               "text": "This company of Israelite exiles who are in Canaan will possess the land as far as Zarephath; the exiles from Jerusalem who are in Sepharad will possess the towns of the Negev."
            },
            {
               "verse": "21",
               "text": "Deliverers will go up on Mount Zion to govern the mountains of Esau. And the kingdom will be the Lord`s."
            }
         ]
      }
   ]
}