{
   "book": "Philippians",
   "count": 4,
   "chapters": [
      {
         "chapter": "1",
         "verses": [
            {
               "verse": "1",
               "text": "Paul and Timothy, servants of Christ Jesus, To all God`s holy people in Christ Jesus at Philippi, together with the overseers and deacons:"
            },
            {
               "verse": "2",
               "text": "Grace and peace to you from God our Father and the Lord Jesus Christ."
            },
            {
               "verse": "3",
               "text": "I thank my God every time I remember you."
            },
            {
               "verse": "4",
               "text": "In all my prayers for all of you, I always pray with joy"
            },
            {
               "verse": "5",
               "text": "because of your partnership in the gospel from the first day until now,"
            },
            {
               "verse": "6",
               "text": "being confident of this, that he who began a good work in you will carry it on to completion until the day of Christ Jesus."
            },
            {
               "verse": "7",
               "text": "It is right for me to feel this way about all of you, since I have you in my heart and, whether I am in chains or defending and confirming the gospel, all of you share in God`s grace with me."
            },
            {
               "verse": "8",
               "text": "God can testify how I long for all of you with the affection of Christ Jesus."
            },
            {
               "verse": "9",
               "text": "And this is my prayer: that your love may abound more and more in knowledge and depth of insight,"
            },
            {
               "verse": "10",
               "text": "so that you may be able to discern what is best and may be pure and blameless for the day of Christ,"
            },
            {
               "verse": "11",
               "text": "filled with the fruit of righteousness that comes through Jesus Christ—to the glory and praise of God."
            },
            {
               "verse": "12",
               "text": "Now I want you to know, brothers and sisters, that what has happened to me has actually served to advance the gospel."
            },
            {
               "verse": "13",
               "text": "As a result, it has become clear throughout the whole palace guard and to everyone else that I am in chains for Christ."
            },
            {
               "verse": "14",
               "text": "And because of my chains, most of the brothers and sisters have become confident in the Lord and dare all the more to proclaim the gospel without fear."
            },
            {
               "verse": "15",
               "text": "It is true that some preach Christ out of envy and rivalry, but others out of goodwill."
            },
            {
               "verse": "16",
               "text": "The latter do so out of love, knowing that I am put here for the defense of the gospel."
            },
            {
               "verse": "17",
               "text": "The former preach Christ out of selfish ambition, not sincerely, supposing that they can stir up trouble for me while I am in chains."
            },
            {
               "verse": "18",
               "text": "But what does it matter? The important thing is that in every way, whether from false motives or true, Christ is preached. And because of this I rejoice. Yes, and I will continue to rejoice,"
            },
            {
               "verse": "19",
               "text": "for I know that through your prayers and God`s provision of the Spirit of Jesus Christ what has happened to me will turn out for my deliverance."
            },
            {
               "verse": "20",
               "text": "I eagerly expect and hope that I will in no way be ashamed, but will have sufficient courage so that now as always Christ will be exalted in my body, whether by life or by death."
            },
            {
               "verse": "21",
               "text": "For to me, to live is Christ and to die is gain."
            },
            {
               "verse": "22",
               "text": "If I am to go on living in the body, this will mean fruitful labor for me. Yet what shall I choose? I do not know!"
            },
            {
               "verse": "23",
               "text": "I am torn between the two: I desire to depart and be with Christ, which is better by far;"
            },
            {
               "verse": "24",
               "text": "but it is more necessary for you that I remain in the body."
            },
            {
               "verse": "25",
               "text": "Convinced of this, I know that I will remain, and I will continue with all of you for your progress and joy in the faith,"
            },
            {
               "verse": "26",
               "text": "so that through my being with you again your boasting in Christ Jesus will abound on account of me."
            },
            {
               "verse": "27",
               "text": "Whatever happens, conduct yourselves in a manner worthy of the gospel of Christ. Then, whether I come and see you or only hear about you in my absence, I will know that you stand firm in the one Spirit, striving together as one for the faith of the gospel"
            },
            {
               "verse": "28",
               "text": "without being frightened in any way by those who oppose you. This is a sign to them that they will be destroyed, but that you will be saved—and that by God."
            },
            {
               "verse": "29",
               "text": "For it has been granted to you on behalf of Christ not only to believe in him, but also to suffer for him,"
            },
            {
               "verse": "30",
               "text": "since you are going through the same struggle you saw I had, and now hear that I still have."
            }
         ]
      },
      {
         "chapter": "2",
         "verses": [
            {
               "verse": "1",
               "text": "Therefore if you have any encouragement from being united with Christ, if any comfort from his love, if any common sharing in the Spirit, if any tenderness and compassion,"
            },
            {
               "verse": "2",
               "text": "then make my joy complete by being like-minded, having the same love, being one in spirit and of one mind."
            },
            {
               "verse": "3",
               "text": "Do nothing out of selfish ambition or vain conceit. Rather, in humility value others above yourselves,"
            },
            {
               "verse": "4",
               "text": "not looking to your own interests but each of you to the interests of the others."
            },
            {
               "verse": "5",
               "text": "In your relationships with one another, have the same mindset as Christ Jesus:"
            },
            {
               "verse": "6",
               "text": "Who, being in very nature God, did not consider equality with God something to be used to his own advantage;"
            },
            {
               "verse": "7",
               "text": "rather, he made himself nothing by taking the very nature of a servant, being made in human likeness."
            },
            {
               "verse": "8",
               "text": "And being found in appearance as a man, he humbled himself by becoming obedient to death— even death on a cross!"
            },
            {
               "verse": "9",
               "text": "Therefore God exalted him to the highest place and gave him the name that is above every name,"
            },
            {
               "verse": "10",
               "text": "that at the name of Jesus every knee should bow, in heaven and on earth and under the earth,"
            },
            {
               "verse": "11",
               "text": "and every tongue acknowledge that Jesus Christ is Lord, to the glory of God the Father."
            },
            {
               "verse": "12",
               "text": "Therefore, my dear friends, as you have always obeyed—not only in my presence, but now much more in my absence—continue to work out your salvation with fear and trembling,"
            },
            {
               "verse": "13",
               "text": "for it is God who works in you to will and to act in order to fulfill his good purpose."
            },
            {
               "verse": "14",
               "text": "Do everything without grumbling or arguing,"
            },
            {
               "verse": "15",
               "text": "so that you may become blameless and pure, “children of God without fault in a warped and crooked generation.” Then you will shine among them like stars in the sky"
            },
            {
               "verse": "16",
               "text": "as you hold firmly to the word of life. And then I will be able to boast on the day of Christ that I did not run or labor in vain."
            },
            {
               "verse": "17",
               "text": "But even if I am being poured out like a drink offering on the sacrifice and service coming from your faith, I am glad and rejoice with all of you."
            },
            {
               "verse": "18",
               "text": "So you too should be glad and rejoice with me."
            },
            {
               "verse": "19",
               "text": "I hope in the Lord Jesus to send Timothy to you soon, that I also may be cheered when I receive news about you."
            },
            {
               "verse": "20",
               "text": "I have no one else like him, who will show genuine concern for your welfare."
            },
            {
               "verse": "21",
               "text": "For everyone looks out for their own interests, not those of Jesus Christ."
            },
            {
               "verse": "22",
               "text": "But you know that Timothy has proved himself, because as a son with his father he has served with me in the work of the gospel."
            },
            {
               "verse": "23",
               "text": "I hope, therefore, to send him as soon as I see how things go with me."
            },
            {
               "verse": "24",
               "text": "And I am confident in the Lord that I myself will come soon."
            },
            {
               "verse": "25",
               "text": "But I think it is necessary to send back to you Epaphroditus, my brother, co-worker and fellow soldier, who is also your messenger, whom you sent to take care of my needs."
            },
            {
               "verse": "26",
               "text": "For he longs for all of you and is distressed because you heard he was ill."
            },
            {
               "verse": "27",
               "text": "Indeed he was ill, and almost died. But God had mercy on him, and not on him only but also on me, to spare me sorrow upon sorrow."
            },
            {
               "verse": "28",
               "text": "Therefore I am all the more eager to send him, so that when you see him again you may be glad and I may have less anxiety."
            },
            {
               "verse": "29",
               "text": "So then, welcome him in the Lord with great joy, and honor people like him,"
            },
            {
               "verse": "30",
               "text": "because he almost died for the work of Christ. He risked his life to make up for the help you yourselves could not give me."
            }
         ]
      },
      {
         "chapter": "3",
         "verses": [
            {
               "verse": "1",
               "text": "Further, my brothers and sisters, rejoice in the Lord! It is no trouble for me to write the same things to you again, and it is a safeguard for you."
            },
            {
               "verse": "2",
               "text": "Watch out for those dogs, those evildoers, those mutilators of the flesh."
            },
            {
               "verse": "3",
               "text": "For it is we who are the circumcision, we who serve God by his Spirit, who boast in Christ Jesus, and who put no confidence in the flesh—"
            },
            {
               "verse": "4",
               "text": "though I myself have reasons for such confidence. If someone else thinks they have reasons to put confidence in the flesh, I have more:"
            },
            {
               "verse": "5",
               "text": "circumcised on the eighth day, of the people of Israel, of the tribe of Benjamin, a Hebrew of Hebrews; in regard to the law, a Pharisee;"
            },
            {
               "verse": "6",
               "text": "as for zeal, persecuting the church; as for righteousness based on the law, faultless."
            },
            {
               "verse": "7",
               "text": "But whatever were gains to me I now consider loss for the sake of Christ."
            },
            {
               "verse": "8",
               "text": "What is more, I consider everything a loss because of the surpassing worth of knowing Christ Jesus my Lord, for whose sake I have lost all things. I consider them garbage, that I may gain Christ"
            },
            {
               "verse": "9",
               "text": "and be found in him, not having a righteousness of my own that comes from the law, but that which is through faith in Christ—the righteousness that comes from God on the basis of faith."
            },
            {
               "verse": "10",
               "text": "I want to know Christ—yes, to know the power of his resurrection and participation in his sufferings, becoming like him in his death,"
            },
            {
               "verse": "11",
               "text": "and so, somehow, attaining to the resurrection from the dead."
            },
            {
               "verse": "12",
               "text": "Not that I have already obtained all this, or have already arrived at my goal, but I press on to take hold of that for which Christ Jesus took hold of me."
            },
            {
               "verse": "13",
               "text": "Brothers and sisters, I do not consider myself yet to have taken hold of it. But one thing I do: Forgetting what is behind and straining toward what is ahead,"
            },
            {
               "verse": "14",
               "text": "I press on toward the goal to win the prize for which God has called me heavenward in Christ Jesus."
            },
            {
               "verse": "15",
               "text": "All of us, then, who are mature should take such a view of things. And if on some point you think differently, that too God will make clear to you."
            },
            {
               "verse": "16",
               "text": "Only let us live up to what we have already attained."
            },
            {
               "verse": "17",
               "text": "Join together in following my example, brothers and sisters, and just as you have us as a model, keep your eyes on those who live as we do."
            },
            {
               "verse": "18",
               "text": "For, as I have often told you before and now tell you again even with tears, many live as enemies of the cross of Christ."
            },
            {
               "verse": "19",
               "text": "Their destiny is destruction, their god is their stomach, and their glory is in their shame. Their mind is set on earthly things."
            },
            {
               "verse": "20",
               "text": "But our citizenship is in heaven. And we eagerly await a Savior from there, the Lord Jesus Christ,"
            },
            {
               "verse": "21",
               "text": "who, by the power that enables him to bring everything under his control, will transform our lowly bodies so that they will be like his glorious body."
            }
         ]
      },
      {
         "chapter": "4",
         "verses": [
            {
               "verse": "1",
               "text": "Therefore, my brothers and sisters, you whom I love and long for, my joy and crown, stand firm in the Lord in this way, dear friends!"
            },
            {
               "verse": "2",
               "text": "I plead with Euodia and I plead with Syntyche to be of the same mind in the Lord."
            },
            {
               "verse": "3",
               "text": "Yes, and I ask you, my true companion, help these women since they have contended at my side in the cause of the gospel, along with Clement and the rest of my co-workers, whose names are in the book of life."
            },
            {
               "verse": "4",
               "text": "Rejoice in the Lord always. I will say it again: Rejoice!"
            },
            {
               "verse": "5",
               "text": "Let your gentleness be evident to all. The Lord is near."
            },
            {
               "verse": "6",
               "text": "Do not be anxious about anything, but in every situation, by prayer and petition, with thanksgiving, present your requests to God."
            },
            {
               "verse": "7",
               "text": "And the peace of God, which transcends all understanding, will guard your hearts and your minds in Christ Jesus."
            },
            {
               "verse": "8",
               "text": "Finally, brothers and sisters, whatever is true, whatever is noble, whatever is right, whatever is pure, whatever is lovely, whatever is admirable—if anything is excellent or praiseworthy—think about such things."
            },
            {
               "verse": "9",
               "text": "Whatever you have learned or received or heard from me, or seen in me—put it into practice. And the God of peace will be with you."
            },
            {
               "verse": "10",
               "text": "I rejoiced greatly in the Lord that at last you renewed your concern for me. Indeed, you were concerned, but you had no opportunity to show it."
            },
            {
               "verse": "11",
               "text": "I am not saying this because I am in need, for I have learned to be content whatever the circumstances."
            },
            {
               "verse": "12",
               "text": "I know what it is to be in need, and I know what it is to have plenty. I have learned the secret of being content in any and every situation, whether well fed or hungry, whether living in plenty or in want."
            },
            {
               "verse": "13",
               "text": "I can do all this through him who gives me strength."
            },
            {
               "verse": "14",
               "text": "Yet it was good of you to share in my troubles."
            },
            {
               "verse": "15",
               "text": "Moreover, as you Philippians know, in the early days of your acquaintance with the gospel, when I set out from Macedonia, not one church shared with me in the matter of giving and receiving, except you only;"
            },
            {
               "verse": "16",
               "text": "for even when I was in Thessalonica, you sent me aid more than once when I was in need."
            },
            {
               "verse": "17",
               "text": "Not that I desire your gifts; what I desire is that more be credited to your account."
            },
            {
               "verse": "18",
               "text": "I have received full payment and have more than enough. I am amply supplied, now that I have received from Epaphroditus the gifts you sent. They are a fragrant offering, an acceptable sacrifice, pleasing to God."
            },
            {
               "verse": "19",
               "text": "And my God will meet all your needs according to the riches of his glory in Christ Jesus."
            },
            {
               "verse": "20",
               "text": "To our God and Father be glory for ever and ever. Amen."
            },
            {
               "verse": "21",
               "text": "Greet all God`s people in Christ Jesus. The brothers and sisters who are with me send greetings."
            },
            {
               "verse": "22",
               "text": "All God`s people here send you greetings, especially those who belong to Caesar`s household."
            },
            {
               "verse": "23",
               "text": "The grace of the Lord Jesus Christ be with your spirit. Amen."
            }
         ]
      }
   ]
}