{
   "book": "Ruth",
   "count": 4,
   "chapters": [
      {
         "chapter": "1",
         "verses": [
            {
               "verse": "1",
               "text": "In the days when the judges ruled, there was a famine in the land. So a man from Bethlehem in Judah, together with his wife and two sons, went to live for a while in the country of Moab."
            },
            {
               "verse": "2",
               "text": "The man`s name was Elimelek, his wife`s name was Naomi, and the names of his two sons were Mahlon and Kilion. They were Ephrathites from Bethlehem, Judah. And they went to Moab and lived there."
            },
            {
               "verse": "3",
               "text": "Now Elimelek, Naomi`s husband, died, and she was left with her two sons."
            },
            {
               "verse": "4",
               "text": "They married Moabite women, one named Orpah and the other Ruth. After they had lived there about ten years,"
            },
            {
               "verse": "5",
               "text": "both Mahlon and Kilion also died, and Naomi was left without her two sons and her husband."
            },
            {
               "verse": "6",
               "text": "When Naomi heard in Moab that the Lord had come to the aid of his people by providing food for them, she and her daughters-in-law prepared to return home from there."
            },
            {
               "verse": "7",
               "text": "With her two daughters-in-law she left the place where she had been living and set out on the road that would take them back to the land of Judah."
            },
            {
               "verse": "8",
               "text": "Then Naomi said to her two daughters-in-law, “Go back, each of you, to your mother`s home. May the Lord show you kindness, as you have shown kindness to your dead husbands and to me."
            },
            {
               "verse": "9",
               "text": "May the Lord grant that each of you will find rest in the home of another husband.” Then she kissed them goodbye and they wept aloud"
            },
            {
               "verse": "10",
               "text": "and said to her, “We will go back with you to your people.”"
            },
            {
               "verse": "11",
               "text": "But Naomi said, “Return home, my daughters. Why would you come with me? Am I going to have any more sons, who could become your husbands?"
            },
            {
               "verse": "12",
               "text": "Return home, my daughters; I am too old to have another husband. Even if I thought there was still hope for me—even if I had a husband tonight and then gave birth to sons—"
            },
            {
               "verse": "13",
               "text": "would you wait until they grew up? Would you remain unmarried for them? No, my daughters. It is more bitter for me than for you, because the Lord`s hand has turned against me!”"
            },
            {
               "verse": "14",
               "text": "At this they wept aloud again. Then Orpah kissed her mother-in-law goodbye, but Ruth clung to her."
            },
            {
               "verse": "15",
               "text": "“Look,” said Naomi, “your sister-in-law is going back to her people and her gods. Go back with her.”"
            },
            {
               "verse": "16",
               "text": "But Ruth replied, “Don`t urge me to leave you or to turn back from you. Where you go I will go, and where you stay I will stay. Your people will be my people and your God my God."
            },
            {
               "verse": "17",
               "text": "Where you die I will die, and there I will be buried. May the Lord deal with me, be it ever so severely, if even death separates you and me.”"
            },
            {
               "verse": "18",
               "text": "When Naomi realized that Ruth was determined to go with her, she stopped urging her."
            },
            {
               "verse": "19",
               "text": "So the two women went on until they came to Bethlehem. When they arrived in Bethlehem, the whole town was stirred because of them, and the women exclaimed, “Can this be Naomi?”"
            },
            {
               "verse": "20",
               "text": "“Don`t call me Naomi,” she told them. “Call me Mara, because the Almighty has made my life very bitter."
            },
            {
               "verse": "21",
               "text": "I went away full, but the Lord has brought me back empty. Why call me Naomi? The Lord has afflicted me; the Almighty has brought misfortune upon me.”"
            },
            {
               "verse": "22",
               "text": "So Naomi returned from Moab accompanied by Ruth the Moabite, her daughter-in-law, arriving in Bethlehem as the barley harvest was beginning."
            }
         ]
      },
      {
         "chapter": "2",
         "verses": [
            {
               "verse": "1",
               "text": "Now Naomi had a relative on her husband`s side, a man of standing from the clan of Elimelek, whose name was Boaz."
            },
            {
               "verse": "2",
               "text": "And Ruth the Moabite said to Naomi, “Let me go to the fields and pick up the leftover grain behind anyone in whose eyes I find favor.” Naomi said to her, “Go ahead, my daughter.”"
            },
            {
               "verse": "3",
               "text": "So she went out, entered a field and began to glean behind the harvesters. As it turned out, she was working in a field belonging to Boaz, who was from the clan of Elimelek."
            },
            {
               "verse": "4",
               "text": "Just then Boaz arrived from Bethlehem and greeted the harvesters, “The Lord be with you!” “The Lord bless you!” they answered."
            },
            {
               "verse": "5",
               "text": "Boaz asked the overseer of his harvesters, “Who does that young woman belong to?”"
            },
            {
               "verse": "6",
               "text": "The overseer replied, “She is the Moabite who came back from Moab with Naomi."
            },
            {
               "verse": "7",
               "text": "She said, ‘Please let me glean and gather among the sheaves behind the harvesters.` She came into the field and has remained here from morning till now, except for a short rest in the shelter.”"
            },
            {
               "verse": "8",
               "text": "So Boaz said to Ruth, “My daughter, listen to me. Don`t go and glean in another field and don`t go away from here. Stay here with the women who work for me."
            },
            {
               "verse": "9",
               "text": "Watch the field where the men are harvesting, and follow along after the women. I have told the men not to lay a hand on you. And whenever you are thirsty, go and get a drink from the water jars the men have filled.”"
            },
            {
               "verse": "10",
               "text": "At this, she bowed down with her face to the ground. She asked him, “Why have I found such favor in your eyes that you notice me—a foreigner?”"
            },
            {
               "verse": "11",
               "text": "Boaz replied, “I`ve been told all about what you have done for your mother-in-law since the death of your husband—how you left your father and mother and your homeland and came to live with a people you did not know before."
            },
            {
               "verse": "12",
               "text": "May the Lord repay you for what you have done. May you be richly rewarded by the Lord, the God of Israel, under whose wings you have come to take refuge.”"
            },
            {
               "verse": "13",
               "text": "“May I continue to find favor in your eyes, my lord,” she said. “You have put me at ease by speaking kindly to your servant—though I do not have the standing of one of your servants.”"
            },
            {
               "verse": "14",
               "text": "At mealtime Boaz said to her, “Come over here. Have some bread and dip it in the wine vinegar.” When she sat down with the harvesters, he offered her some roasted grain. She ate all she wanted and had some left over."
            },
            {
               "verse": "15",
               "text": "As she got up to glean, Boaz gave orders to his men, “Let her gather among the sheaves and don`t reprimand her."
            },
            {
               "verse": "16",
               "text": "Even pull out some stalks for her from the bundles and leave them for her to pick up, and don`t rebuke her.”"
            },
            {
               "verse": "17",
               "text": "So Ruth gleaned in the field until evening. Then she threshed the barley she had gathered, and it amounted to about an ephah."
            },
            {
               "verse": "18",
               "text": "She carried it back to town, and her mother-in-law saw how much she had gathered. Ruth also brought out and gave her what she had left over after she had eaten enough."
            },
            {
               "verse": "19",
               "text": "Her mother-in-law asked her, “Where did you glean today? Where did you work? Blessed be the man who took notice of you!” Then Ruth told her mother-in-law about the one at whose place she had been working. “The name of the man I worked with today is Boaz,” she said."
            },
            {
               "verse": "20",
               "text": "“The Lord bless him!” Naomi said to her daughter-in-law. “He has not stopped showing his kindness to the living and the dead.” She added, “That man is our close relative; he is one of our guardian-redeemers.”"
            },
            {
               "verse": "21",
               "text": "Then Ruth the Moabite said, “He even said to me, ‘Stay with my workers until they finish harvesting all my grain.`”"
            },
            {
               "verse": "22",
               "text": "Naomi said to Ruth her daughter-in-law, “It will be good for you, my daughter, to go with the women who work for him, because in someone else`s field you might be harmed.”"
            },
            {
               "verse": "23",
               "text": "So Ruth stayed close to the women of Boaz to glean until the barley and wheat harvests were finished. And she lived with her mother-in-law."
            }
         ]
      },
      {
         "chapter": "3",
         "verses": [
            {
               "verse": "1",
               "text": "One day Ruth`s mother-in-law Naomi said to her, “My daughter, I must find a home for you, where you will be well provided for."
            },
            {
               "verse": "2",
               "text": "Now Boaz, with whose women you have worked, is a relative of ours. Tonight he will be winnowing barley on the threshing floor."
            },
            {
               "verse": "3",
               "text": "Wash, put on perfume, and get dressed in your best clothes. Then go down to the threshing floor, but don`t let him know you are there until he has finished eating and drinking."
            },
            {
               "verse": "4",
               "text": "When he lies down, note the place where he is lying. Then go and uncover his feet and lie down. He will tell you what to do.”"
            },
            {
               "verse": "5",
               "text": "“I will do whatever you say,” Ruth answered."
            },
            {
               "verse": "6",
               "text": "So she went down to the threshing floor and did everything her mother-in-law told her to do."
            },
            {
               "verse": "7",
               "text": "When Boaz had finished eating and drinking and was in good spirits, he went over to lie down at the far end of the grain pile. Ruth approached quietly, uncovered his feet and lay down."
            },
            {
               "verse": "8",
               "text": "In the middle of the night something startled the man; he turned—and there was a woman lying at his feet!"
            },
            {
               "verse": "9",
               "text": "“Who are you?” he asked. “I am your servant Ruth,” she said. “Spread the corner of your garment over me, since you are a guardian-redeemer of our family.”"
            },
            {
               "verse": "10",
               "text": "“The Lord bless you, my daughter,” he replied. “This kindness is greater than that which you showed earlier: You have not run after the younger men, whether rich or poor."
            },
            {
               "verse": "11",
               "text": "And now, my daughter, don`t be afraid. I will do for you all you ask. All the people of my town know that you are a woman of noble character."
            },
            {
               "verse": "12",
               "text": "Although it is true that I am a guardian-redeemer of our family, there is another who is more closely related than I."
            },
            {
               "verse": "13",
               "text": "Stay here for the night, and in the morning if he wants to do his duty as your guardian-redeemer, good; let him redeem you. But if he is not willing, as surely as the Lord lives I will do it. Lie here until morning.”"
            },
            {
               "verse": "14",
               "text": "So she lay at his feet until morning, but got up before anyone could be recognized; and he said, “No one must know that a woman came to the threshing floor.”"
            },
            {
               "verse": "15",
               "text": "He also said, “Bring me the shawl you are wearing and hold it out.” When she did so, he poured into it six measures of barley and placed the bundle on her. Then he went back to town."
            },
            {
               "verse": "16",
               "text": "When Ruth came to her mother-in-law, Naomi asked, “How did it go, my daughter?” Then she told her everything Boaz had done for her"
            },
            {
               "verse": "17",
               "text": "and added, “He gave me these six measures of barley, saying, ‘Don`t go back to your mother-in-law empty-handed.`”"
            },
            {
               "verse": "18",
               "text": "Then Naomi said, “Wait, my daughter, until you find out what happens. For the man will not rest until the matter is settled today.”"
            }
         ]
      },
      {
         "chapter": "4",
         "verses": [
            {
               "verse": "1",
               "text": "Meanwhile Boaz went up to the town gate and sat down there just as the guardian-redeemer he had mentioned came along. Boaz said, “Come over here, my friend, and sit down.” So he went over and sat down."
            },
            {
               "verse": "2",
               "text": "Boaz took ten of the elders of the town and said, “Sit here,” and they did so."
            },
            {
               "verse": "3",
               "text": "Then he said to the guardian-redeemer, “Naomi, who has come back from Moab, is selling the piece of land that belonged to our relative Elimelek."
            },
            {
               "verse": "4",
               "text": "I thought I should bring the matter to your attention and suggest that you buy it in the presence of these seated here and in the presence of the elders of my people. If you will redeem it, do so. But if you will not, tell me, so I will know. For no one has the right to do it except you, and I am next in line.” “I will redeem it,” he said."
            },
            {
               "verse": "5",
               "text": "Then Boaz said, “On the day you buy the land from Naomi, you also acquire Ruth the Moabite, the dead man`s widow, in order to maintain the name of the dead with his property.”"
            },
            {
               "verse": "6",
               "text": "At this, the guardian-redeemer said, “Then I cannot redeem it because I might endanger my own estate. You redeem it yourself. I cannot do it.”"
            },
            {
               "verse": "7",
               "text": "(Now in earlier times in Israel, for the redemption and transfer of property to become final, one party took off his sandal and gave it to the other. This was the method of legalizing transactions in Israel.)"
            },
            {
               "verse": "8",
               "text": "So the guardian-redeemer said to Boaz, “Buy it yourself.” And he removed his sandal."
            },
            {
               "verse": "9",
               "text": "Then Boaz announced to the elders and all the people, “Today you are witnesses that I have bought from Naomi all the property of Elimelek, Kilion and Mahlon."
            },
            {
               "verse": "10",
               "text": "I have also acquired Ruth the Moabite, Mahlon`s widow, as my wife, in order to maintain the name of the dead with his property, so that his name will not disappear from among his family or from his hometown. Today you are witnesses!”"
            },
            {
               "verse": "11",
               "text": "Then the elders and all the people at the gate said, “We are witnesses. May the Lord make the woman who is coming into your home like Rachel and Leah, who together built up the family of Israel. May you have standing in Ephrathah and be famous in Bethlehem."
            },
            {
               "verse": "12",
               "text": "Through the offspring the Lord gives you by this young woman, may your family be like that of Perez, whom Tamar bore to Judah.”"
            },
            {
               "verse": "13",
               "text": "So Boaz took Ruth and she became his wife. When he made love to her, the Lord enabled her to conceive, and she gave birth to a son."
            },
            {
               "verse": "14",
               "text": "The women said to Naomi: “Praise be to the Lord, who this day has not left you without a guardian-redeemer. May he become famous throughout Israel!"
            },
            {
               "verse": "15",
               "text": "He will renew your life and sustain you in your old age. For your daughter-in-law, who loves you and who is better to you than seven sons, has given him birth.”"
            },
            {
               "verse": "16",
               "text": "Then Naomi took the child in her arms and cared for him."
            },
            {
               "verse": "17",
               "text": "The women living there said, “Naomi has a son!” And they named him Obed. He was the father of Jesse, the father of David."
            },
            {
               "verse": "18",
               "text": "This, then, is the family line of Perez: Perez was the father of Hezron,"
            },
            {
               "verse": "19",
               "text": "Hezron the father of Ram, Ram the father of Amminadab,"
            },
            {
               "verse": "20",
               "text": "Amminadab the father of Nahshon, Nahshon the father of Salmon,"
            },
            {
               "verse": "21",
               "text": "Salmon the father of Boaz, Boaz the father of Obed,"
            },
            {
               "verse": "22",
               "text": "Obed the father of Jesse, and Jesse the father of David."
            }
         ]
      }
   ]
}